messageId,camId,timestamp,latitude,longitude,heading,speed,acceleration
2,5,7398,45.0523,7.65471,303.6,6.82,2.7
2,4,7494,45.0531,7.65507,90,8.79,3.8
2,6,7555,45.0531,7.65461,236.9,6.96,2.7
2,5,7598,45.0524,7.6547,303.6,7.42,3.9
2,4,7694,45.0531,7.65509,90,9.37,3.3
2,6,7755,45.053,7.65459,236.9,7.56,3.7
2,5,7798,45.0524,7.65468,303.6,8.01,3.5
2,4,7894,45.0531,7.65511,90,10,3.9
2,6,7955,45.053,7.65458,236.9,8.17,3.7
2,5,7998,45.0524,7.65467,303.6,8.61,2
2,7,8008,45.0531,7.65469,236.9,2.76,3.3
2,4,8094,45.0531,7.65514,90,10.57,3.3
2,6,8155,45.053,7.65456,236.9,8.32,0.2
2,5,8198,45.0524,7.65465,303.6,9.23,2.5
2,7,8208,45.0531,7.65468,236.9,3.4,3.4
2,6,8355,45.053,7.65454,236.9,8.31,-0.5
2,5,8398,45.0524,7.65463,303.6,9.81,3.1
2,7,8408,45.0531,7.65467,236.9,4,2.9
2,6,8555,45.053,7.65452,236.9,8.32,0.4
2,5,8598,45.0524,7.65461,303.6,10.43,3.1
2,7,8608,45.0531,7.65469,236.9,4.62,2.3
2,6,8755,45.053,7.6545,236.9,8.31,-0.4
2,5,8798,45.0524,7.65459,303.6,11.01,2
2,7,8808,45.0531,7.65468,236.9,5.23,3.5
2,5,8998,45.0524,7.65457,303.6,11.09,0
2,7,9008,45.053,7.65466,236.9,5.88,3.3
2,5,9198,45.0524,7.65455,303.6,11.09,0.2
2,7,9208,45.053,7.65465,236.9,6.51,3.8
2,11,9217,45.0522,7.65492,90,2.46,3.9
2,6,9255,45.053,7.65446,236.9,8.31,-1.1
2,10,9258,45.0523,7.65479,303.6,0,0
2,5,9398,45.0524,7.65453,303.6,11.1,0
2,7,9408,45.053,7.65464,236.9,7.1,3.8
2,11,9417,45.0522,7.65493,90,3.12,3.2
2,10,9458,45.0523,7.65479,303.6,0.77,3.9
2,7,9608,45.053,7.65462,236.9,7.68,2
2,11,9617,45.0522,7.65494,90,3.71,3.3
2,10,9658,45.0523,7.65478,303.6,1.51,3.6
2,6,9755,45.053,7.65441,236.9,8.31,0.7
2,5,9798,45.0525,7.65449,307.1,11.09,-1
2,7,9808,45.053,7.6546,236.9,8.29,2
2,11,9817,45.0522,7.65495,90,4.32,3.9
2,10,9858,45.0523,7.65478,303.6,2.21,3.8
2,5,9898,45.0525,7.65449,317.3,11.1,0.2
2,5,9998,45.0525,7.65449,328.3,11.1,0
2,7,10008,45.053,7.65459,236.9,8.87,3.4
2,11,10017,45.0522,7.65496,90,4.9,2.2
2,10,10058,45.0523,7.65477,303.6,2.88,2.9
2,5,10098,45.0525,7.65448,339.1,11.09,-0.6
2,14,10176,45.0531,7.65489,90,1.11,3.7
2,5,10198,45.0525,7.65448,349.1,11.09,-0.1
2,7,10208,45.053,7.65457,236.9,9.46,2
2,11,10217,45.0522,7.65497,90,5.48,3.8
2,6,10255,45.0529,7.65437,228.8,8.32,1.4
2,10,10258,45.0523,7.65477,303.6,3.51,3.7
2,5,10298,45.0525,7.65448,350.5,11.1,0.6
2,6,10355,45.0529,7.65437,221.1,8.31,-0.9
2,14,10376,45.0531,7.6549,90,1.84,3.6
2,5,10398,45.0525,7.65448,350.5,11.09,0
2,7,10408,45.053,7.65455,236.9,10.06,2.7
2,11,10417,45.0522,7.65499,90,6.13,3.7
2,6,10455,45.0529,7.65437,213.1,8.32,1.2
2,10,10458,45.0523,7.65476,303.6,4.11,3.9
2,5,10498,45.0525,7.65447,350.5,11.1,1.2
2,6,10555,45.0529,7.65437,205.1,8.31,0
2,14,10576,45.0531,7.6549,90,2.51,2.7
2,7,10608,45.053,7.65452,236.9,10.66,3.7
2,11,10617,45.0522,7.655,90,6.75,2.7
2,6,10655,45.0529,7.65437,197.5,8.31,-0.1
2,10,10658,45.0523,7.65475,303.6,4.73,3.4
2,6,10755,45.0529,7.65436,191.3,8.32,-0.3
2,14,10776,45.0531,7.65491,90,3.14,3.5
2,7,10808,45.053,7.6545,236.9,11.09,0.3
2,11,10817,45.0522,7.65502,90,7.29,2.6
2,6,10855,45.0529,7.65436,191.3,8.32,1.1
2,10,10858,45.0523,7.65474,303.6,5.31,2.5
2,5,10898,45.0525,7.65446,350.5,11.1,1.2
2,6,10955,45.0529,7.65436,191.3,8.31,-0.4
2,14,10976,45.0531,7.65492,90,3.76,3.8
2,7,11008,45.053,7.65448,236.9,11.09,-0.3
2,11,11017,45.0522,7.65504,90,7.89,2.1
2,6,11055,45.0529,7.65436,191.3,8.31,0.1
2,10,11058,45.0523,7.65473,303.6,5.93,3
2,14,11176,45.0531,7.65493,90,4.32,3.1
2,12,11206,45.0522,7.65493,90,2.88,2.7
2,7,11208,45.0529,7.65446,236.9,11.09,-0.5
2,11,11217,45.0522,7.65506,90,8.46,3.8
2,10,11258,45.0523,7.65472,303.6,6.55,2
2,5,11298,45.0526,7.65446,350.5,11.09,-0.6
2,14,11376,45.0531,7.65494,90,4.89,2.6
2,12,11406,45.0522,7.65494,90,3.52,2.8
2,11,11417,45.0522,7.65508,90,9.06,2.4
2,10,11458,45.0524,7.65471,303.6,6.9,-0.6
2,6,11555,45.0528,7.65435,191.3,8.32,0.9
2,14,11576,45.0531,7.65495,90,5.52,3.9
2,12,11606,45.0522,7.65494,90,4.16,3.9
2,7,11608,45.0529,7.65441,236.1,11.09,0
2,11,11617,45.0522,7.65511,90,9.68,3.2
2,10,11658,45.0524,7.65469,303.6,6.9,-0.5
2,5,11698,45.0526,7.65445,350.5,11.09,-0.5
2,7,11708,45.0529,7.65441,226.4,11.09,-0.6
2,14,11776,45.0531,7.65497,90,5.54,0.9
2,12,11806,45.0522,7.65496,90,4.76,2.3
2,7,11808,45.0529,7.6544,215.9,11.09,0
2,11,11817,45.0522,7.65513,90,9.7,-1.3
2,10,11858,45.0524,7.65468,303.6,6.9,-1.1
2,7,11908,45.0529,7.6544,205.2,11.1,0.6
2,14,11976,45.0531,7.65498,90,5.54,-0.6
2,12,12006,45.0522,7.65497,90,5.33,3.1
2,7,12008,45.0529,7.6544,195.2,11.09,-0.4
2,11,12017,45.0522,7.65515,90,9.7,-0.6
2,6,12055,45.0528,7.65434,191.3,8.31,-0.1
2,10,12058,45.0524,7.65467,303.6,6.9,-0.3
2,5,12098,45.0527,7.65444,350.5,11.09,-0.9
2,7,12108,45.0529,7.6544,191.2,11.09,0.5
2,14,12176,45.0531,7.655,90,5.55,0.1
2,12,12206,45.0522,7.65498,90,5.9,2
2,7,12208,45.0529,7.65439,191.2,11.1,-0.7
2,11,12217,45.0522,7.65518,90,9.7,0
2,7,12308,45.0529,7.65439,191.2,11.1,0.3
2,17,12355,45.0531,7.6547,236.9,0.96,3.8
2,15,12362,45.0522,7.65491,90,0.39,3.9
2,12,12406,45.0522,7.655,90,6.56,3
2,5,12498,45.0527,7.65443,350.5,11.1,0.8
2,6,12555,45.0528,7.65433,191.3,8.31,-0.6
2,17,12555,45.0531,7.65469,236.9,1.69,3.3
2,15,12562,45.0522,7.65491,90,1.16,3.8
2,12,12606,45.0522,7.65502,90,6.93,0.4
2,10,12658,45.0524,7.6546,303.6,6.93,1
2,5,12698,45.0527,7.65443,358.1,11.09,-0.3
2,7,12708,45.0528,7.65438,191.2,11.1,1.3
2,11,12717,45.0522,7.65524,90,9.71,-0.1
2,17,12755,45.0531,7.65469,236.9,2.37,2.8
2,15,12762,45.0522,7.65492,90,1.88,3
2,5,12798,45.0527,7.65443,2.7,11.1,-0.7
2,12,12806,45.0522,7.65503,90,6.92,-1.4
2,5,12898,45.0527,7.65444,7.4,11.09,-1.5
2,17,12955,45.0531,7.65468,236.9,3.04,2.5
2,15,12962,45.0522,7.65492,90,2.55,3.2
2,14,12976,45.0531,7.65505,90,5.55,1
2,5,12998,45.0527,7.65444,11.3,11.1,0.2
2,12,13006,45.0522,7.65505,90,6.93,0.9
2,6,13055,45.0527,7.65432,191.3,8.32,0.6
2,5,13098,45.0527,7.65444,11.3,11.09,0
2,7,13108,45.0528,7.65437,191.2,11.09,-0.9
2,17,13155,45.0531,7.65467,236.9,3.69,2.9
2,15,13162,45.0522,7.65493,90,3.24,3.8
2,5,13198,45.0528,7.65444,11.3,11.09,-0.7
2,11,13217,45.0522,7.6553,90,9.7,-0.8
2,10,13258,45.0524,7.65455,303.6,6.92,-0.2
2,17,13355,45.0531,7.65467,236.9,4.27,2.7
2,15,13362,45.0522,7.65494,90,3.87,2.9
2,7,13508,45.0527,7.65436,191.2,11.1,-0.7
2,6,13555,45.0527,7.65431,185.5,8.31,-0.7
2,17,13555,45.0531,7.65466,236.9,4.94,3.3
2,15,13562,45.0522,7.65495,90,4.45,2.1
2,5,13598,45.0528,7.65445,11.3,11.09,-1.3
2,12,13606,45.0522,7.6551,90,6.93,0.1
2,18,13636,45.0531,7.65491,90,3.5,2.4
2,11,13717,45.0522,7.65536,90,9.71,0
2,6,13755,45.0527,7.65432,178.6,8.31,-1
2,17,13755,45.0531,7.65464,236.9,5.58,2.3
2,15,13762,45.0522,7.65496,90,5.02,2.7
2,14,13776,45.0531,7.65511,90,5.54,-0.7
2,18,13836,45.0531,7.65492,90,4.12,3.2
2,10,13858,45.0524,7.65451,303.6,6.93,0.3
2,7,13908,45.0527,7.65435,191.2,11.09,-0.2
2,6,13955,45.0526,7.65432,171.7,8.31,0.1
2,17,13955,45.0531,7.65463,236.9,6.15,2
2,15,13962,45.0522,7.65497,90,5.6,2.4
2,5,13998,45.0528,7.65446,11.3,11.09,-0.3
2,18,14036,45.0531,7.65493,90,4.72,2.5
2,7,14108,45.0527,7.65435,185.7,11.09,-0.2
2,6,14155,45.0526,7.65433,170.5,8.32,0.1
2,17,14155,45.0531,7.65462,236.9,6.73,2
2,15,14162,45.0522,7.65499,90,6.21,2.3
2,12,14206,45.0522,7.65515,90,6.93,1.1
2,7,14208,45.0527,7.65436,181.1,11.09,-0.1
2,11,14217,45.0522,7.65542,90,9.7,-0.6
2,18,14236,45.0531,7.65495,90,5.3,2.3
2,7,14308,45.0527,7.65436,176.4,11.09,-1.1
2,6,14355,45.0526,7.65433,170.5,8.31,0.1
2,17,14355,45.0531,7.6546,236.9,7.33,2.4
2,15,14362,45.0522,7.65501,90,6.82,3.5
2,5,14398,45.0529,7.65447,11.3,11.1,0.2
2,7,14408,45.0527,7.65436,171.8,11.09,-0.7
2,18,14436,45.0531,7.65496,90,5.96,3.8
2,10,14458,45.0524,7.65447,303.6,6.92,-1.7
2,7,14508,45.0526,7.65436,170.5,11.1,-0.3
2,6,14555,45.0526,7.65433,170.5,8.31,-1
2,17,14555,45.053,7.65458,236.9,7.93,2.5
2,15,14562,45.0522,7.65502,90,7.45,2.1
2,14,14576,45.0531,7.65516,90,5.53,-1.4
2,7,14608,45.0526,7.65437,170.5,11.1,0.3
2,18,14636,45.0531,7.65498,90,6.56,3.5
2,7,14708,45.0526,7.65437,170.5,11.09,0.1
2,17,14755,45.053,7.65457,236.9,8.55,3.9
2,10,14758,45.0524,7.65445,310.3,6.93,-0.3
2,15,14762,45.0522,7.65504,90,8.07,2.4
2,5,14798,45.0529,7.65448,11.3,11.09,-0.8
2,12,14806,45.0522,7.65521,90,6.93,1.1
2,18,14836,45.0531,7.65499,90,7.16,3.3
2,10,14858,45.0524,7.65445,316.8,6.92,-1.8
2,5,14898,45.0529,7.65449,19.1,11.09,-0.3
2,17,14955,45.053,7.65455,236.9,8.39,-9.9
2,10,14958,45.0525,7.65445,323.6,6.92,-0.6
2,15,14962,45.0522,7.65506,90,8.67,3.8
2,5,14998,45.0529,7.6545,29.4,11.1,-0.5
2,18,15036,45.0531,7.65501,90,7.73,3.5
2,6,15055,45.0526,7.65434,170.5,8.31,0.3
2,17,15055,45.053,7.65454,236.9,7.39,-9.9
2,10,15058,45.0525,7.65445,330.4,6.92,-0.3
2,5,15098,45.0529,7.65451,40.1,11.1,0.8
2,7,15108,45.0526,7.65438,170.5,11.1,0.3
2,17,15155,45.053,7.65453,236.9,6.39,-9.9
2,10,15158,45.0525,7.65445,337.2,6.92,-0.1
2,15,15162,45.0522,7.65509,90,9.27,2.4
2,14,15176,45.0531,7.6552,90,6.33,3.5
2,5,15198,45.0529,7.65452,50.4,11.09,0.6
2,18,15236,45.0531,7.65503,90,8.37,3.9
2,17,15255,45.053,7.65452,236.9,5.53,-0.1
2,10,15258,45.0525,7.65445,343.7,6.93,0.1
2,5,15298,45.0529,7.65453,56.8,11.1,-0.2
2,17,15355,45.053,7.65452,236.9,5.53,-1.8
2,10,15358,45.0525,7.65445,349.8,6.93,1.3
2,15,15362,45.0522,7.65511,90,9.91,3.7
2,14,15376,45.0531,7.65522,90,6.94,3.7
2,5,15398,45.0529,7.65454,56.8,11.09,-0.9
2,12,15406,45.0522,7.65526,90,6.92,0.1
2,18,15436,45.0531,7.65505,90,8.96,2.9
2,17,15455,45.053,7.65451,236.9,5.55,0
2,10,15458,45.0525,7.65444,350.5,6.92,-0.3
2,5,15498,45.0529,7.65455,56.8,11.09,0
2,7,15508,45.0525,7.65439,170.5,11.09,-0.4
2,6,15555,45.0525,7.65435,170.5,8.31,0.7
2,17,15555,45.053,7.65451,236.9,5.54,0
2,10,15558,45.0525,7.65444,350.5,6.93,1.1
2,15,15562,45.0522,7.65514,90,10.49,3.6
2,14,15576,45.0531,7.65524,90,7.51,2.7
2,5,15598,45.0529,7.65456,56.8,11.1,1.5
2,18,15636,45.0531,7.65508,90,9.53,2.6
2,10,15658,45.0525,7.65444,350.5,6.92,0.2
2,2,15696,45.0531,7.65527,270,20.81,-1
2,10,15758,45.0525,7.65444,350.5,6.92,-0.3
2,15,15762,45.0522,7.65516,90,11.08,2.3
2,14,15776,45.0531,7.65526,90,8.1,3.6
2,18,15836,45.0531,7.6551,90,10.15,2.2
2,2,15896,45.0531,7.65521,270,20.82,0.3
2,7,15908,45.0525,7.6544,170.5,11.09,-0.3
2,15,15962,45.0522,7.65519,90,11.72,3.4
2,14,15976,45.0531,7.65528,90,8.73,3.7
2,5,15998,45.053,7.6546,56.8,11.1,0.2
2,12,16006,45.0522,7.65531,90,6.93,-0.5
2,18,16036,45.0531,7.65513,90,10.73,2
2,6,16055,45.0525,7.65436,170.5,8.32,0.9
2,2,16096,45.0531,7.65516,270,20.82,1.3
2,15,16162,45.0522,7.65522,90,12.33,2.2
2,14,16176,45.0531,7.6553,90,9.32,2.9
2,18,16236,45.0531,7.65516,90,11.35,2
2,2,16296,45.0531,7.65511,270,20.82,-0.4
2,7,16308,45.0525,7.65441,170.5,11.09,-0.9
2,17,16355,45.053,7.65446,236.9,5.54,-0.8
2,10,16358,45.0525,7.65443,350.5,6.93,0.1
2,15,16362,45.0522,7.65525,90,12.95,3.6
2,14,16376,45.0531,7.65533,90,9.96,3.1
2,5,16398,45.053,7.65465,56.8,11.1,-0.6
2,18,16436,45.0531,7.65519,90,11.96,2.5
2,2,16496,45.0531,7.65506,270,20.82,0
2,6,16555,45.0524,7.65437,170.5,8.31,-1.4
2,15,16562,45.0522,7.65529,90,13.58,2.7
2,14,16576,45.0531,7.65535,90,10.59,3
2,12,16606,45.0522,7.65536,90,6.92,-0.5
2,18,16636,45.0531,7.65522,90,12.53,2.9
2,2,16696,45.0531,7.65501,270,20.81,-1.4
2,7,16708,45.0524,7.65442,170.5,11.1,1.2
2,15,16762,45.0522,7.65532,90,13.87,-0.6
2,14,16776,45.0531,7.65538,90,11.1,0.7
2,5,16798,45.053,7.65469,56.8,11.09,0.1
2,18,16836,45.0531,7.65525,90,13.12,3
2,2,16896,45.0531,7.65495,270,20.81,0
2,7,16908,45.0524,7.65443,162,11.1,-0.5
2,10,16958,45.0526,7.65442,350.5,6.93,-0.7
2,15,16962,45.0522,7.65536,90,13.88,-0.1
2,7,17008,45.0524,7.65444,151.3,11.09,-0.8
2,18,17036,45.0531,7.65528,90,13.71,2.1
2,6,17055,45.0524,7.65438,170.5,8.31,-0.9
2,2,17096,45.0531,7.6549,270,20.82,1.1
2,7,17108,45.0524,7.65446,140.3,11.1,-0.1
2,17,17155,45.053,7.65441,236.9,5.55,0.2
2,5,17198,45.053,7.65473,56.8,11.09,-0.2
2,7,17208,45.0524,7.65447,129.8,11.1,0.4
2,18,17236,45.0531,7.65532,90,13.88,-0.4
2,2,17296,45.0531,7.65485,270,20.82,-0.3
2,7,17308,45.0524,7.65448,123.6,11.09,-0.7
2,6,17355,45.0524,7.6544,159.3,8.31,-1.6
2,2,17396,45.0531,7.65477,262.5,20.82,0
2,7,17408,45.0524,7.65449,123.6,11.1,-0.3
2,18,17436,45.0531,7.65535,90,13.87,0.2
2,6,17455,45.0524,7.65441,151.2,8.31,-1.7
2,2,17496,45.0531,7.65475,256.1,20.81,-0.7
2,7,17508,45.0524,7.6545,123.6,11.09,-0.5
2,6,17555,45.0524,7.65442,143,8.32,1.2
2,10,17558,45.0526,7.65441,350.5,6.92,-0.4
2,2,17596,45.0531,7.65473,249.7,20.81,-0.9
2,5,17598,45.053,7.65477,56.8,11.09,-0.8
2,7,17608,45.0524,7.65451,123.6,11.09,-0.8
2,18,17636,45.0531,7.65539,90,13.87,0.6
2,6,17655,45.0524,7.65443,134.9,8.31,-1.2
2,2,17696,45.0531,7.65471,236.9,20.82,0.2
2,6,17755,45.0524,7.65444,127.3,8.31,-0.2
2,2,17796,45.0531,7.65468,236.9,20.81,-0.1
2,6,17855,45.0524,7.65445,123.6,8.31,-0.4
2,17,17855,45.0529,7.65437,229.7,5.55,0.3
2,2,17896,45.053,7.65466,236.9,20.82,0.2
2,6,17955,45.0524,7.65446,123.6,8.32,-0.3
2,17,17955,45.0529,7.65437,224.6,5.53,-0.7
2,2,17996,45.053,7.65464,236.9,20.81,-1.5
2,5,17998,45.0531,7.65481,56.8,11.09,-0.2
2,7,18008,45.0524,7.65456,123.6,11.09,0
2,6,18055,45.0524,7.65447,123.6,8.32,-0.1
2,17,18055,45.0529,7.65437,219.4,5.54,0.8
2,5,18098,45.0531,7.65484,63.5,11.1,0.5
2,17,18155,45.0529,7.65437,214.1,5.54,0
2,10,18158,45.0526,7.6544,350.5,6.93,1.2
2,2,18196,45.053,7.6546,236.9,20.82,1
2,5,18198,45.0531,7.65485,70,11.09,-0.3
2,17,18255,45.0529,7.65437,208.7,5.54,0.6
2,5,18298,45.0531,7.65486,76.3,11.09,-1.1
2,17,18355,45.0529,7.65437,203.5,5.55,1.5
2,2,18396,45.053,7.65455,236.9,20.81,-1.3
2,5,18398,45.0531,7.65488,82.4,11.09,-0.7
2,7,18408,45.0523,7.65461,123.6,11.1,0.1
2,17,18455,45.0529,7.65437,198.4,5.53,-0.3
2,5,18498,45.0531,7.65489,90,11.09,-0.2
2,6,18555,45.0523,7.65451,123.6,8.32,0.6
2,17,18555,45.0529,7.65436,193.6,5.53,0.1
2,2,18596,45.053,7.65451,236.9,20.82,0.8
2,5,18598,45.0531,7.65491,90,11.1,0
2,17,18655,45.0529,7.65436,191.3,5.54,-0.9
2,5,18698,45.0531,7.65492,90,11.09,0.4
2,17,18755,45.0529,7.65436,191.3,5.54,0.2
2,10,18758,45.0527,7.65439,350.5,6.93,0.4
2,2,18796,45.053,7.65447,236.9,20.81,0.6
2,5,18798,45.0531,7.65493,90,11.09,-0.1
2,7,18808,45.0523,7.65466,123.6,11.1,1.2
2,17,18855,45.0529,7.65436,191.3,5.55,1
2,17,18955,45.0529,7.65436,191.3,5.54,0.7
2,2,18996,45.0529,7.65442,236.9,20.81,-0.3
2,6,19055,45.0523,7.65456,123.6,8.31,-0.8
2,2,19096,45.0529,7.65441,231.2,20.82,1
2,2,19196,45.0529,7.6544,216.3,20.82,0.4
2,5,19198,45.0531,7.65499,90,11.09,-0.6
2,7,19208,45.0523,7.6547,123.6,11.09,-0.3
2,2,19296,45.0529,7.6544,201.1,20.82,0.9
2,10,19358,45.0527,7.65439,356.7,6.93,0.9
2,2,19396,45.0529,7.65439,191.2,20.81,-0.6
2,2,19496,45.0528,7.65439,191.2,20.81,-0.6
2,6,19555,45.0523,7.65461,123.6,8.31,-0.1
2,10,19558,45.0527,7.65439,2.6,6.93,0.8
2,2,19596,45.0528,7.65438,191.2,20.81,0.6
2,5,19598,45.0531,7.65504,90,11.1,1.5
2,7,19608,45.0523,7.65475,123.6,11.1,-0.7
2,2,19696,45.0528,7.65438,191.2,20.82,0.3
2,17,19755,45.0528,7.65435,191.3,5.53,-0.5
2,10,19758,45.0527,7.6544,8.4,6.93,0.4
2,2,19896,45.0528,7.65437,191.2,20.81,-0.7
2,10,19958,45.0527,7.6544,11.3,6.93,0.6
2,5,19998,45.0531,7.6551,90,11.1,0.7
2,7,20008,45.0522,7.65485,114.5,11.1,1.6
2,6,20055,45.0523,7.65465,123.6,8.31,-1.3
2,2,20096,45.0527,7.65436,191.2,20.81,-0.8
2,10,20158,45.0528,7.6544,11.3,6.92,-0.7
2,7,20208,45.0522,7.65488,106.6,11.09,-0.7
2,2,20296,45.0527,7.65435,191.2,20.81,-0.3
2,7,20308,45.0522,7.65489,102.6,11.1,0.2
2,10,20358,45.0528,7.65441,11.3,6.93,1.7
2,2,20396,45.0527,7.65435,186.7,20.82,0
2,5,20398,45.0531,7.65516,90,11.09,-0.5
2,7,20408,45.0522,7.65491,98.6,11.1,-0.1
2,2,20496,45.0527,7.65436,180,20.82,-0.2
2,7,20508,45.0522,7.65492,90,11.1,-0.5
2,6,20555,45.0523,7.6547,123.6,8.31,0
2,17,20555,45.0528,7.65434,191.3,5.54,1
2,2,20596,45.0526,7.65436,173.3,20.81,-0.2
2,7,20608,45.0522,7.65494,90,11.1,0.7
2,2,20696,45.0526,7.65437,170.5,20.81,-0.3
2,7,20708,45.0522,7.65495,90,11.1,0.2
2,2,20796,45.0526,7.65437,170.5,20.81,-0.4
2,5,20798,45.0531,7.65521,90,11.1,0
2,7,20808,45.0522,7.65496,90,11.1,0.4
2,2,20896,45.0526,7.65438,170.5,20.81,-0.5
2,10,20958,45.0528,7.65442,11.3,6.93,0.2
2,6,21055,45.0522,7.65474,123.6,8.32,0.9
2,2,21096,45.0526,7.65439,170.5,20.82,0.9
2,5,21198,45.0531,7.65527,90,11.09,-0.3
2,7,21208,45.0522,7.65502,90,11.09,-0.4
2,2,21296,45.0525,7.6544,170.5,20.81,-0.3
2,17,21355,45.0528,7.65433,191.3,5.55,0.4
2,6,21455,45.0522,7.65486,112.4,8.31,0.2
2,2,21496,45.0525,7.65441,170.5,20.82,0.2
2,10,21558,45.0528,7.65442,11.3,6.93,1.2
2,5,21598,45.0531,7.65532,90,11.1,0
2,7,21608,45.0522,7.65507,90,11.09,-0.3
2,6,21655,45.0522,7.65488,107.3,8.31,-1
2,2,21696,45.0524,7.65441,170.5,20.81,-1.2
2,6,21855,45.0522,7.6549,102.2,8.32,0.9
2,2,21896,45.0524,7.65443,162.3,20.82,0.5
2,2,21996,45.0524,7.65446,146.8,20.81,-0.9
2,5,21998,45.0531,7.65538,90,11.1,0.5
2,6,22055,45.0522,7.65492,90,8.32,0
2,2,22096,45.0524,7.65448,131.3,20.82,0.4
2,6,22155,45.0522,7.65493,90,7.72,-9.9
2,17,22155,45.0527,7.65432,191.3,5.53,-0.8
2,10,22158,45.0529,7.65443,11.3,6.92,-0.6
2,2,22196,45.0524,7.6545,123.6,20.81,-0.4
2,6,22255,45.0522,7.65494,90,6.72,-9.9
2,2,22296,45.0524,7.65452,123.6,20.81,-0.6
2,6,22355,45.0522,7.65495,90,5.72,-9.9
2,2,22396,45.0524,7.65455,123.6,20.82,0.7
2,5,22398,45.0531,7.65543,90,11.1,-0.5
2,6,22455,45.0522,7.65495,90,4.72,-9.9
2,2,22496,45.0523,7.65457,123.6,20.82,-0.2
2,6,22555,45.0522,7.65496,90,4.15,-0.6
2,6,22655,45.0522,7.65496,90,4.14,-0.5
2,2,22696,45.0523,7.65461,123.6,20.82,1.6
2,6,22755,45.0522,7.65497,90,4.15,-0.6
2,17,22755,45.0527,7.65431,187.1,5.54,-0.7
2,10,22758,45.0529,7.65444,11.3,6.92,-0.5
2,5,22798,45.0531,7.65549,90,11.1,-0.8
2,6,22855,45.0522,7.65497,90,4.16,1.6
2,2,22896,45.0523,7.65466,123.6,20.81,-1.3
2,17,22955,45.0527,7.65432,182.5,5.55,0.1
2,10,22958,45.0529,7.65445,15.6,6.92,-1.6
2,10,23058,45.0529,7.65446,21.8,6.92,-0.2
2,2,23096,45.0523,7.6547,123.6,20.81,-1.7
2,17,23155,45.0527,7.65432,177.9,5.54,0.2
2,10,23158,45.0529,7.65446,28.3,6.92,-0.5
2,5,23198,45.0531,7.65554,90,11.09,0.3
2,10,23258,45.0529,7.65447,35,6.93,-0.5
2,2,23296,45.0523,7.65474,123.6,20.82,0.8
2,17,23355,45.0527,7.65432,173.2,5.53,-1.5
2,10,23358,45.0529,7.65448,41.6,6.92,-1
2,10,23458,45.0529,7.65448,48,6.92,-0.9
2,2,23496,45.0522,7.65479,123.6,20.81,-0.1
2,17,23555,45.0526,7.65432,170.5,5.54,1.1
2,10,23558,45.0529,7.65449,54.1,6.92,-1.7
2,2,23596,45.0522,7.65487,112.1,20.81,-0.5
2,5,23598,45.0531,7.6556,90,11.1,-0.2
2,13,23626,45.0532,7.65569,270,15.26,0.1
2,10,23658,45.0529,7.6545,56.9,6.93,1.1
2,2,23696,45.0522,7.65489,105.6,20.81,0
2,17,23755,45.0526,7.65433,170.5,5.54,-0.4
2,10,23758,45.0529,7.65451,56.9,6.93,1.1
2,2,23796,45.0522,7.65492,99.1,20.81,0.6
2,10,23858,45.0529,7.65451,56.9,6.93,0.1
2,2,23896,45.0522,7.65495,90,20.82,-0.4
2,13,23926,45.0532,7.65563,270,15.25,-0.3
2,17,23955,45.0526,7.65433,170.5,5.55,0.9
2,2,23996,45.0522,7.65497,90,20.81,-0.1
2,5,23998,45.0531,7.65566,90,11.1,-0.3
2,2,24096,45.0522,7.655,90,20.81,-0.7
2,13,24226,45.0531,7.65558,270,15.25,0.3
2,5,24398,45.0531,7.65571,90,11.1,-0.1
2,10,24458,45.053,7.65455,56.9,6.93,1.1
2,8,24511,45.0531,7.65575,270,16.64,0.2
2,13,24526,45.0531,7.65552,270,15.26,0.1
2,17,24755,45.0526,7.65434,170.5,5.54,-0.6
2,5,24798,45.0531,7.65577,90,11.1,0.3
2,8,24811,45.0531,7.65569,270,16.64,-1.1
2,13,24826,45.0531,7.65546,270,15.25,-0.6
2,10,25058,45.053,7.65459,56.9,6.92,-0.8
2,8,25111,45.0531,7.65562,270,16.65,0.6
2,13,25126,45.0531,7.6554,270,15.25,-0.2
2,5,25198,45.0531,7.65582,90,11.1,0.3
2,17,25255,45.0526,7.65435,170.5,6.32,2.9
2,8,25411,45.0531,7.65556,270,16.64,-0.8
2,13,25426,45.0531,7.65535,270,15.25,0.5
2,17,25455,45.0525,7.65435,170.5,6.89,3.1
2,5,25598,45.0531,7.65588,90,11.09,-1.4
2,16,25598,45.0531,7.65581,270,16.64,-0.5
2,17,25655,45.0525,7.65435,170.5,7.51,2.6
2,10,25658,45.053,7.65464,56.9,6.93,0.9
2,8,25711,45.0531,7.6555,270,16.65,0.1
2,13,25726,45.0531,7.65529,270,15.25,-1.4
2,17,25855,45.0525,7.65436,170.5,8.08,2.5
2,16,25898,45.0531,7.65575,270,16.65,0.3
2,8,26011,45.0531,7.65544,270,16.65,0.1
2,13,26026,45.0531,7.65523,270,15.26,1.4
2,17,26055,45.0525,7.65436,170.5,8.68,2.3
2,16,26198,45.0531,7.65569,270,16.65,-0.4
2,17,26255,45.0525,7.65437,170.5,9.32,3.5
2,10,26258,45.053,7.65468,56.9,6.93,0.3
2,8,26311,45.0531,7.65537,270,16.64,-1.1
2,13,26326,45.0531,7.65518,270,15.26,1
2,17,26455,45.0525,7.65437,170.5,9.93,3
2,16,26498,45.0531,7.65563,270,16.64,-0.6
2,8,26611,45.0531,7.65531,270,16.64,-1
2,13,26626,45.0531,7.65512,270,15.25,-0.7
2,17,26655,45.0524,7.65438,170.5,10.54,3.8
2,16,26798,45.0531,7.65556,270,16.64,-1.6
2,17,26855,45.0524,7.65438,170.5,11.1,0.3
2,10,26858,45.053,7.65472,56.9,6.93,0.3
2,8,26911,45.0531,7.65525,270,16.65,-0.5
2,13,26926,45.0531,7.65506,270,15.26,-0.7
2,17,27055,45.0524,7.65439,170.5,11.09,-1.2
2,16,27098,45.0531,7.6555,270,16.64,0.8
2,17,27155,45.0524,7.65439,166.1,11.1,1.6
2,8,27211,45.0531,7.65519,270,16.64,0
2,13,27226,45.0531,7.655,270,15.25,-0.3
2,17,27255,45.0524,7.65441,155.8,11.1,1
2,17,27355,45.0524,7.65442,144.8,11.09,0
2,16,27398,45.0531,7.65544,270,16.65,0.7
2,17,27455,45.0524,7.65443,134,11.09,0
2,10,27458,45.0531,7.65476,56.9,6.92,-0.9
2,8,27511,45.0531,7.65512,270,16.65,0.1
2,13,27526,45.0531,7.65495,270,15.26,0
2,17,27555,45.0524,7.65444,124.1,11.09,0.5
2,17,27655,45.0524,7.65445,123.6,11.09,-0.2
2,16,27698,45.0531,7.65538,270,16.64,0.2
2,17,27755,45.0524,7.65447,123.6,11.1,1.5
2,8,27811,45.0531,7.65506,270,16.65,0.7
2,13,27826,45.0531,7.65489,270,15.26,0.1
2,17,27855,45.0524,7.65448,123.6,11.09,0.2
2,1,27873,45.0532,7.65608,270,6.93,1.4
2,16,27998,45.0531,7.65531,270,16.64,-0.3
2,10,28058,45.0531,7.65483,65.3,6.92,0
2,8,28111,45.0531,7.655,270,16.64,-0.7
2,13,28126,45.0531,7.65483,270,15.26,0.6
2,13,28226,45.0531,7.65474,257.6,15.25,-0.2
2,10,28258,45.0531,7.65485,71.4,6.93,-0.1
2,16,28298,45.0531,7.65525,270,16.65,1.8
2,13,28326,45.0531,7.65472,252.9,15.25,-0.3
2,8,28411,45.0531,7.65494,270,16.65,0.3
2,13,28426,45.0531,7.65471,248.3,15.26,0.2
2,10,28458,45.0531,7.65487,77.5,6.93,0.1
2,1,28473,45.0532,7.65603,270,6.93,0.2
2,13,28526,45.0531,7.65469,236.9,15.25,0.3
2,16,28598,45.0531,7.65519,270,16.64,-0.7
2,13,28626,45.0531,7.65467,236.9,15.26,0.5
2,10,28658,45.0531,7.65489,83.4,6.93,0.7
2,8,28711,45.0531,7.65487,270,16.64,-1.5
2,13,28726,45.0531,7.65466,236.9,15.26,0.3
2,10,28758,45.0531,7.6549,90,6.93,0.1
2,13,28826,45.0531,7.65464,236.9,15.26,0.9
2,10,28858,45.0531,7.6549,90,6.93,1.2
2,16,28898,45.0531,7.65513,270,16.64,-0.6
2,10,28958,45.0531,7.65491,90,6.92,0.2
2,8,29011,45.0531,7.65476,257.7,16.65,0.3
2,10,29058,45.0531,7.65492,90,6.92,-1.4
2,1,29073,45.0532,7.65597,270,6.93,0.9
2,8,29111,45.0531,7.65474,251.7,16.65,0.6
2,13,29126,45.053,7.65459,236.9,15.26,-0.6
2,16,29198,45.0531,7.65506,270,16.65,1.4
2,8,29211,45.0531,7.65473,245.8,16.64,0
2,8,29311,45.0531,7.65471,236.9,16.65,-0.2
2,8,29411,45.0531,7.65469,236.9,16.65,0
2,13,29426,45.053,7.65454,236.9,15.26,0.7
2,16,29498,45.0531,7.655,270,16.65,1.2
2,8,29511,45.0531,7.65467,236.9,16.64,0.1
2,8,29611,45.053,7.65466,236.9,16.65,0.1
2,10,29658,45.0531,7.65497,90,6.92,-0.1
2,1,29673,45.0532,7.65592,270,6.93,0.6
2,13,29726,45.053,7.65449,236.9,15.25,0.2
2,16,29798,45.0531,7.65494,270,16.65,-0.8
2,8,29911,45.053,7.6546,236.9,16.64,-0.2
2,13,30026,45.053,7.65444,236.9,15.25,-0.4
2,16,30098,45.0531,7.65488,270,16.65,0.5
2,8,30211,45.053,7.65455,236.9,16.65,1
2,10,30258,45.0531,7.65503,90,6.93,1.4
2,1,30273,45.0532,7.65587,270,6.93,0.8
2,13,30326,45.053,7.65439,236.9,15.26,0.2
2,16,30398,45.0531,7.65476,258.7,16.65,0.7
2,16,30498,45.0531,7.65475,252.7,16.64,-1
2,8,30511,45.053,7.6545,236.9,16.65,1.3
2,13,30526,45.0529,7.65437,220.9,15.25,-0.3
2,16,30598,45.0531,7.65473,246.8,16.65,0.5
2,13,30626,45.0529,7.65437,206.3,15.26,0.6
2,16,30698,45.0531,7.65471,236.9,16.64,0
2,13,30726,45.0529,7.65436,192.6,15.25,-0.5
2,16,30798,45.0531,7.65469,236.9,16.64,-1.1
2,8,30811,45.0529,7.65445,236.9,16.65,-0.2
2,13,30826,45.0529,7.65436,191.3,15.25,-0.4
2,10,30858,45.0531,7.65508,90,6.93,-0.4
2,1,30873,45.0532,7.65582,270,6.93,0.5
2,16,30898,45.0531,7.65468,236.9,16.65,0.9
2,13,30926,45.0529,7.65436,191.3,15.26,0.3
2,16,30998,45.053,7.65466,236.9,16.65,1.1
2,13,31026,45.0529,7.65435,191.3,15.26,0.4
2,8,31111,45.0529,7.65441,223.9,16.64,-1.3
2,13,31126,45.0528,7.65435,191.3,15.26,1
2,8,31211,45.0529,7.6544,208,16.64,0.8
2,16,31298,45.053,7.65461,236.9,16.65,0.3
2,8,31311,45.0529,7.6544,192.9,16.64,-0.1
2,8,31411,45.0529,7.6544,191.2,16.65,-0.2
2,13,31426,45.0528,7.65434,191.3,15.26,-0.2
2,10,31458,45.0531,7.65513,90,6.93,0
2,1,31473,45.0532,7.65577,270,6.92,-0.8
2,8,31511,45.0529,7.65439,191.2,16.64,-1.5
2,16,31598,45.053,7.65455,236.9,16.64,-1.2
2,8,31611,45.0528,7.65439,191.2,16.64,-0.1
2,13,31726,45.0528,7.65433,191.3,15.26,-0.5
2,16,31898,45.053,7.6545,236.9,16.64,-1.3
2,8,31911,45.0528,7.65438,191.2,16.65,1.5
2,10,32058,45.0531,7.65518,90,6.93,-0.5
2,1,32073,45.0532,7.65571,270,6.93,0.2
2,3,32181,45.0523,7.65562,270,3.46,0.5
2,16,32198,45.0529,7.65445,236.9,16.64,-0.8
2,8,32211,45.0528,7.65437,191.2,16.64,0.1
2,3,32281,45.0523,7.65562,270,3.46,1.4
2,3,32381,45.0523,7.65561,270,3.46,0.5
2,3,32481,45.0523,7.65561,270,3.45,0.2
2,16,32498,45.0529,7.65441,226.6,16.65,0.7
2,16,32598,45.0529,7.6544,210.7,16.65,0
2,10,32658,45.0531,7.65523,90,6.92,-0.1
2,1,32673,45.0532,7.65566,270,6.93,0
2,16,32698,45.0529,7.6544,195.4,16.65,0.2
2,16,32798,45.0529,7.6544,191.2,16.64,0.6
2,16,32898,45.0529,7.65439,191.2,16.65,1.3
2,16,32998,45.0528,7.65439,191.2,16.65,-0.7
2,20,33055,45.0532,7.65649,270,6.92,0
2,16,33098,45.0528,7.65438,191.2,16.64,-1
2,10,33258,45.0531,7.65529,90,6.93,0.6
2,1,33273,45.0531,7.65561,270,6.92,-0.7
2,3,33481,45.0523,7.65557,270,3.46,0.4
2,20,33655,45.0532,7.65644,270,6.92,0.8
2,10,33858,45.0531,7.65534,90,6.93,0.3
2,1,33873,45.0531,7.65556,270,6.93,-0.1
2,20,34255,45.0532,7.65639,270,6.92,0.4
2,10,34458,45.0531,7.65539,90,6.93,-0.3
2,1,34473,45.0531,7.65551,270,6.92,-1.3
2,3,34481,45.0523,7.65552,270,3.45,-1
2,20,34855,45.0532,7.65634,270,6.93,1.2
2,10,35058,45.0531,7.65544,90,6.92,0.5
2,1,35073,45.0531,7.65545,270,6.92,0.6
2,20,35455,45.0532,7.65628,270,6.93,-0.5
2,3,35481,45.0523,7.65548,270,3.45,0.1
2,10,35658,45.0531,7.65549,90,6.92,-1.5
2,1,35673,45.0531,7.6554,270,6.92,-0.8
2,20,36055,45.0532,7.65623,270,6.92,-1.3
2,10,36258,45.0531,7.65555,90,6.93,0.5
2,1,36273,45.0531,7.65535,270,6.93,1.5
2,20,36655,45.0532,7.65618,270,6.93,0.6
2,10,36858,45.0531,7.6556,90,6.92,0
2,1,36873,45.0531,7.6553,270,6.93,0.2
2,20,37255,45.0532,7.65613,270,6.93,-0.4
2,10,37458,45.0531,7.65565,90,6.93,1.3
2,1,37473,45.0531,7.65525,270,6.93,0.1
2,20,37855,45.0532,7.65608,270,6.92,-0.4
2,10,38058,45.0531,7.6557,90,6.93,0.6
2,1,38073,45.0531,7.65519,270,6.93,0.2
2,20,38455,45.0532,7.65602,270,6.92,0.2
2,10,38658,45.0531,7.65575,90,6.93,0.5
2,1,38673,45.0531,7.65514,270,6.93,0.5
2,20,39055,45.0532,7.65597,270,6.92,0.3
2,10,39258,45.0531,7.65581,90,6.93,1.4
2,1,39273,45.0531,7.65509,270,6.92,0.4
2,20,39655,45.0532,7.65592,270,6.93,-0.7
2,10,39858,45.0531,7.65586,90,6.92,-1.3
2,1,39873,45.0531,7.65504,270,6.92,0
2,19,40108,45.0523,7.6563,270,6.93,0
2,20,40255,45.0532,7.65587,270,6.93,0
2,10,40458,45.0531,7.65591,90,6.92,-1.5
2,1,40473,45.0531,7.65498,270,6.92,-0.1
2,19,40708,45.0523,7.65625,270,6.93,1.3
2,20,40855,45.0532,7.65582,270,6.92,-1.4
2,10,41058,45.0531,7.65596,90,6.93,1.1
2,19,41308,45.0523,7.6562,270,6.93,0.5
2,20,41455,45.0532,7.65576,270,6.92,-1.1
2,10,41658,45.0531,7.65601,90,6.92,0
2,19,41908,45.0523,7.65615,270,6.92,-0.7
2,20,42055,45.0532,7.65571,270,6.93,1.6
2,10,42258,45.0531,7.65607,90,6.93,0.9
2,19,42508,45.0523,7.6561,270,6.92,0.6
2,20,42655,45.0532,7.65566,270,6.92,-0.2
2,10,42858,45.0531,7.65612,90,6.92,-1.2
2,20,43255,45.0531,7.65561,270,6.92,0.6
2,10,43458,45.0531,7.65617,90,6.93,-0.5
2,2,43596,45.0531,7.65745,270,20.82,1.2
2,2,43796,45.0531,7.6574,270,20.81,-1.5
2,20,43855,45.0531,7.65556,270,6.93,0.1
2,2,43996,45.0531,7.65735,270,20.82,0.8
2,10,44058,45.0531,7.65622,90,6.92,0.2
2,2,44196,45.0531,7.6573,270,20.82,0
2,2,44396,45.0531,7.65724,270,20.82,0.9
2,20,44455,45.0531,7.6555,270,6.92,-1.3
2,2,44596,45.0531,7.65719,270,20.82,0.6
2,10,44658,45.0531,7.65627,90,6.93,0.1
2,2,44796,45.0531,7.65714,270,20.82,0.5
2,2,44996,45.0531,7.65709,270,20.81,-1.9
2,20,45055,45.0531,7.65545,270,6.92,0
2,2,45196,45.0531,7.65703,270,20.82,0.9
2,10,45258,45.0531,7.65633,90,6.93,-0.2
2,2,45396,45.0531,7.65698,270,20.81,-0.8
2,2,45596,45.0531,7.65693,270,20.81,-1.2
2,2,45796,45.0531,7.65688,270,20.81,-1.4
2,10,45858,45.0531,7.65638,90,6.92,-0.4
2,2,45996,45.0531,7.65683,270,20.82,0.6
2,2,46196,45.0531,7.65677,270,20.81,0.6
2,2,46396,45.0531,7.65672,270,20.82,1.7
2,10,46458,45.0531,7.65643,90,6.93,1.2
2,2,46596,45.0531,7.65667,270,20.82,0.5
2,2,46796,45.0531,7.65662,270,20.81,-1.5
2,2,46996,45.0531,7.65657,270,20.82,0
2,10,47058,45.0531,7.65648,90,6.92,0.3
2,2,47196,45.0531,7.65651,270,20.82,0.7
2,4,47294,45.0531,7.65555,90,20.82,1.5
2,2,47396,45.0531,7.65646,270,20.82,0.7
2,4,47494,45.0531,7.6556,90,20.82,0.5
2,2,47596,45.0531,7.65641,270,20.81,-0.3
2,18,47636,45.0523,7.65693,270,13.88,0
2,10,47658,45.0531,7.65653,90,5.71,-7.5
2,4,47694,45.0531,7.65566,90,20.82,0.4
2,10,47758,45.0531,7.65654,90,4.96,-7.5
2,2,47796,45.0531,7.65636,270,20.81,0.5
2,10,47858,45.0531,7.65655,90,4.21,-7.5
2,4,47894,45.0531,7.65571,90,20.81,0.2
2,18,47936,45.0523,7.65688,270,13.88,0.7
2,10,47958,45.0531,7.65655,90,3.46,-6.9
2,2,47996,45.0531,7.65631,270,20.82,0
2,10,48058,45.0531,7.65656,90,3.46,0.8
2,4,48094,45.0531,7.65576,90,20.81,-0.3
2,10,48158,45.0531,7.65656,90,3.45,0.1
2,15,48162,45.0532,7.65783,270,13.87,0.3
2,2,48196,45.0531,7.65625,270,20.81,-1.2
2,18,48236,45.0523,7.65683,270,13.88,1.5
2,10,48258,45.0531,7.65656,90,3.46,0.2
2,4,48294,45.0531,7.65581,90,20.81,-1
2,2,48396,45.0531,7.6562,270,20.81,-0.6
2,15,48462,45.0532,7.65777,270,13.88,0.8
2,4,48494,45.0531,7.65587,90,20.82,-0.1
2,18,48536,45.0523,7.65678,270,13.88,1.1
2,2,48596,45.0531,7.65615,270,20.81,0.4
2,4,48694,45.0531,7.65592,90,20.82,1.2
2,15,48762,45.0532,7.65772,270,13.88,1.5
2,2,48796,45.0531,7.6561,270,20.82,0.6
2,18,48836,45.0523,7.65672,270,13.87,-0.3
2,4,48894,45.0531,7.65597,90,20.82,-0.3
2,2,48996,45.0531,7.65604,270,20.81,-1.5
2,15,49062,45.0532,7.65767,270,13.87,-0.7
2,4,49094,45.0531,7.65602,90,20.81,-1.4
2,18,49136,45.0523,7.65667,270,13.88,0.7
2,2,49196,45.0531,7.65599,270,20.82,0
2,10,49258,45.0531,7.65661,90,3.45,0.3
2,4,49294,45.0531,7.65607,90,20.82,-0.5
2,15,49362,45.0532,7.65762,270,13.87,-0.7
2,2,49396,45.0531,7.65594,270,20.81,-1.4
2,18,49436,45.0523,7.65662,270,13.87,-0.1
2,4,49494,45.0531,7.65613,90,20.82,0.5
2,2,49596,45.0531,7.65589,270,20.81,-0.2
2,15,49662,45.0532,7.65756,270,13.88,0.6
2,4,49694,45.0531,7.65618,90,20.82,-0.6
2,2,49796,45.0531,7.65584,270,20.81,0.2
2,4,49894,45.0531,7.65623,90,20.82,-0.8
2,15,49962,45.0532,7.65751,270,13.88,0.9
2,2,49996,45.0531,7.65578,270,20.81,-1.2
2,4,50094,45.0531,7.65628,90,20.82,0.2
2,2,50196,45.0531,7.65573,270,20.81,-0.2
2,10,50258,45.0531,7.65665,90,3.45,-1.1
2,15,50262,45.0532,7.65746,270,13.88,0
2,4,50294,45.0531,7.65633,90,20.82,0.8
2,4,50494,45.0531,7.65639,90,20.81,-0.3
2,15,50562,45.0532,7.65741,270,13.87,-0.9
2,4,50694,45.0531,7.65644,90,20.81,-0.2
2,15,50862,45.0532,7.65736,270,13.88,0.9
2,4,50894,45.0531,7.65649,90,20.81,-1.4
2,4,51094,45.0531,7.65654,90,20.81,-1.5
2,15,51162,45.0532,7.6573,270,13.88,1.4
2,10,51258,45.0531,7.65669,90,3.45,-0.3
2,4,51294,45.0531,7.6566,90,20.82,0.7
2,15,51462,45.0532,7.65725,270,13.88,-0.7
2,4,51494,45.0531,7.65665,90,20.82,0
2,4,51694,45.0531,7.6567,90,20.82,0.5
2,15,51762,45.0532,7.6572,270,13.88,0.3
2,4,51894,45.0531,7.65675,90,20.82,1
2,15,52062,45.0532,7.65715,270,13.87,0.6
2,4,52094,45.0531,7.6568,90,20.82,-0.7
2,10,52258,45.0531,7.65674,90,3.46,0
2,4,52294,45.0531,7.65686,90,20.81,-0.8
2,15,52362,45.0532,7.6571,270,13.88,1.5
2,14,52376,45.0523,7.6572,270,11.09,-0.9
2,4,52494,45.0531,7.65691,90,20.82,0.6
2,15,52662,45.0532,7.65704,270,13.88,0.7
2,4,52694,45.0531,7.65696,90,20.81,-0.1
2,14,52776,45.0523,7.65715,270,11.1,0
2,4,52894,45.0531,7.65701,90,20.81,-1.1
2,15,52962,45.0532,7.65699,270,13.88,0.7
2,4,53094,45.0531,7.65706,90,20.81,-0.9
2,14,53176,45.0523,7.65709,270,11.1,1
2,10,53258,45.0531,7.65678,90,3.46,0
2,15,53262,45.0532,7.65694,270,13.88,1.4
2,4,53294,45.0531,7.65712,90,20.81,-1.8
2,4,53494,45.0531,7.65717,90,20.81,-1.2
2,15,53562,45.0532,7.65689,270,13.87,-0.8
2,14,53576,45.0523,7.65704,270,11.1,1.2
2,4,53694,45.0531,7.65722,90,20.82,-0.4
2,15,53862,45.0532,7.65684,270,13.87,-1.2
2,4,53894,45.0531,7.65727,90,20.81,0.2
2,14,53976,45.0523,7.65698,270,11.09,-0.6
2,11,54017,45.0532,7.65806,303,9.71,1.3
2,4,54094,45.0531,7.65732,90,20.82,0.6
2,15,54162,45.0532,7.65678,270,13.87,-0.1
2,10,54258,45.0531,7.65682,90,3.46,1
2,4,54294,45.0531,7.65738,90,20.81,-1.5
2,11,54317,45.0532,7.65795,293.1,9.71,1.3
2,14,54376,45.0523,7.65693,270,11.1,0
2,15,54462,45.0532,7.65673,270,13.88,1.3
2,4,54494,45.0531,7.65743,90,20.81,-1.3
2,11,54517,45.0532,7.65793,287.2,9.71,0.6
2,4,54694,45.0531,7.65748,90,20.82,1
2,11,54717,45.0532,7.6579,281.3,9.7,-1.3
2,15,54762,45.0532,7.65668,270,13.88,1.4
2,14,54776,45.0523,7.65687,270,11.09,-0.9
2,11,54817,45.0532,7.65789,270,9.71,0.7
2,4,54894,45.0531,7.65753,90,20.82,0.9
2,11,54917,45.0532,7.65788,270,9.7,0.4
2,11,55017,45.0532,7.65786,270,9.7,-0.8
2,15,55062,45.0532,7.65663,270,13.87,0.1
2,4,55094,45.0531,7.65759,90,20.81,-1
2,11,55117,45.0532,7.65785,270,9.7,-1.5
2,10,55258,45.0531,7.65687,90,3.45,-1.3
2,4,55294,45.0531,7.65764,90,20.81,-0.3
2,15,55362,45.0532,7.65657,270,13.87,-1.2
2,4,55494,45.0531,7.65769,90,20.81,-0.3
2,11,55617,45.0532,7.65779,270,9.7,-0.7
2,15,55662,45.0532,7.65652,270,13.88,0.6
2,4,55694,45.0531,7.65774,90,20.81,0
2,4,55894,45.0531,7.65779,90,20.81,-1.1
2,15,55962,45.0532,7.65647,270,13.88,0.7
2,4,56094,45.0531,7.65785,90,20.82,1.2
2,11,56117,45.0532,7.65773,270,9.71,1.1
2,10,56258,45.0531,7.65691,90,3.45,0.2
2,15,56262,45.0532,7.65642,270,13.87,0
2,4,56294,45.0531,7.6579,90,20.82,-0.2
2,5,56398,45.0523,7.65737,270,11.09,-0.7
2,4,56494,45.0531,7.65795,90,20.82,1.1
2,15,56562,45.0532,7.65637,270,13.87,-0.2
2,4,56594,45.0531,7.658,100.3,20.81,-0.1
2,11,56617,45.0532,7.65767,270,9.7,0
2,4,56694,45.0531,7.65802,107.9,20.81,0.3
2,4,56794,45.0531,7.65805,115.6,20.81,-0.2
2,5,56798,45.0523,7.65732,270,11.1,1.2
2,15,56862,45.0532,7.65631,270,13.88,0.7
2,4,56894,45.0531,7.65807,123,20.82,1.9
2,4,56994,45.0531,7.65809,123,20.81,-0.7
2,4,57094,45.0531,7.65811,123,20.82,0
2,11,57117,45.0532,7.65761,270,9.71,0.7
2,15,57162,45.0532,7.65626,270,13.88,0.7
2,4,57194,45.0531,7.65813,123,20.81,0
2,5,57198,45.0523,7.65726,270,11.09,0
2,10,57258,45.0531,7.65695,90,3.45,-0.6
2,4,57394,45.053,7.65817,123,20.82,0.8
2,15,57462,45.0532,7.65621,270,13.87,0
2,4,57594,45.053,7.65822,123,20.82,0.7
2,5,57598,45.0523,7.65721,270,11.09,-0.5
2,11,57617,45.0532,7.65755,270,9.71,0.8
2,15,57762,45.0532,7.65616,270,13.87,-1.6
2,4,57794,45.053,7.65826,123,20.82,0
2,5,57998,45.0523,7.65715,270,11.1,0.4
2,15,58062,45.0532,7.65611,270,13.87,-0.1
2,11,58117,45.0532,7.65749,270,9.71,0.2
2,10,58258,45.0531,7.657,90,3.45,0
2,7,58308,45.0531,7.65827,303,11.1,1
2,5,58398,45.0523,7.6571,270,11.1,-0.5
2,11,58617,45.0532,7.65743,270,9.7,-0.4
2,7,58708,45.0531,7.65822,303,11.09,0.4
2,5,58798,45.0523,7.65704,270,11.09,0
2,7,59108,45.0531,7.65817,303,11.1,0.7
2,11,59117,45.0532,7.65737,270,9.71,1.3
2,10,59258,45.0531,7.65704,90,3.9,2.8
2,10,59458,45.0531,7.65705,90,4.49,2.1
2,7,59508,45.0531,7.65812,303,11.1,-0.3
2,11,59617,45.0532,7.65731,270,9.71,1.6
2,10,59658,45.0531,7.65706,90,5.09,3.2
2,10,59858,45.0531,7.65708,90,5.73,2.8
2,7,59908,45.0531,7.65808,303,11.1,0.7
2,10,60058,45.0531,7.65709,90,6.36,3.8
2,11,60117,45.0532,7.65724,270,9.71,0.8
2,10,60258,45.0531,7.65711,90,6.35,-0.8
2,7,60308,45.0532,7.65795,293.5,11.1,0
2,10,60458,45.0531,7.65712,90,6.36,1.1
2,7,60508,45.0532,7.65792,286.9,11.1,0.3
2,11,60617,45.0532,7.65718,270,9.7,-0.9
2,10,60658,45.0531,7.65714,90,6.45,1.1
2,7,60708,45.0532,7.6579,280,11.09,-1.1
2,7,60808,45.0532,7.65788,270,11.1,1.2
2,10,60858,45.0531,7.65716,90,6.61,-0.8
2,7,60908,45.0532,7.65787,270,11.1,0.6
2,7,61008,45.0532,7.65785,270,11.1,0.7
2,7,61108,45.0532,7.65784,270,11.1,-0.8
2,8,61111,45.0529,7.6584,348.7,16.65,0
2,11,61117,45.0532,7.65712,270,9.7,0.7
2,17,61255,45.053,7.65842,348.6,11.09,-0.7
2,8,61411,45.053,7.65839,348.7,16.65,1
2,17,61455,45.053,7.65841,344.1,11.09,-0.9
2,10,61458,45.0531,7.65721,90,6.93,-0.1
2,7,61508,45.0532,7.65778,270,11.1,1.1
2,17,61555,45.053,7.6584,334,11.09,-0.1
2,8,61611,45.053,7.65837,338.3,16.64,-0.5
2,11,61617,45.0532,7.65706,270,9.7,0.5
2,17,61655,45.053,7.65838,323.3,11.09,-0.2
2,16,61698,45.0528,7.65843,348.7,15.96,1.3
2,8,61711,45.053,7.65835,322.5,16.64,0
2,17,61755,45.053,7.65837,312.9,11.09,-1.2
2,16,61798,45.0528,7.65842,348.7,15.99,1.1
2,8,61811,45.053,7.65833,307.1,16.64,-0.2
2,17,61855,45.053,7.65836,303.2,11.1,0.9
2,7,61908,45.0532,7.65773,270,11.09,-0.5
2,8,61911,45.053,7.65831,303,16.65,0.5
2,17,61955,45.053,7.65835,303,11.09,-0.6
2,8,62011,45.053,7.6583,303,16.65,0.8
2,17,62055,45.053,7.65833,303,11.1,0.2
2,10,62058,45.0531,7.65726,90,6.92,-0.3
2,16,62098,45.0529,7.65841,348.7,16.03,-1.8
2,8,62111,45.053,7.65828,303,16.65,0.1
2,11,62117,45.0532,7.657,270,9.7,-0.2
2,17,62155,45.053,7.65832,303,11.1,0.4
2,8,62211,45.053,7.65826,303,16.64,-1
2,7,62308,45.0532,7.65767,270,11.09,0.5
2,16,62398,45.0529,7.6584,348.7,16.1,0
2,8,62511,45.0531,7.65821,303,16.65,0.5
2,13,62526,45.0528,7.65845,4.2,15.26,1.5
2,17,62555,45.0531,7.65827,303,11.09,-0.9
2,11,62617,45.0532,7.65694,270,9.71,-0.1
2,13,62626,45.0528,7.65844,357.8,15.26,0.1
2,10,62658,45.0531,7.65731,90,6.93,1.7
2,16,62698,45.053,7.65839,348.7,16.15,0.3
2,12,62706,45.0528,7.65848,357.7,6.92,-1.6
2,7,62708,45.0532,7.65762,270,11.1,1.5
2,13,62726,45.0528,7.65844,351.4,15.26,0.7
2,8,62811,45.0531,7.65815,303,16.65,0.3
2,13,62826,45.0528,7.65844,348.7,15.25,-0.4
2,16,62898,45.053,7.65837,337.4,16.19,1.4
2,12,62906,45.0528,7.65848,352,6.92,-0.6
2,13,62926,45.0528,7.65843,348.7,15.25,0
2,17,62955,45.0531,7.65822,303,11.09,0
2,16,62998,45.053,7.65835,322,16.21,1.1
2,13,63026,45.0528,7.65843,348.7,15.26,0.9
2,16,63098,45.053,7.65833,307,16.21,0
2,12,63106,45.0528,7.65847,348.6,6.93,1.7
2,7,63108,45.0532,7.65756,270,11.1,1.1
2,8,63111,45.0531,7.6581,303,16.64,-1.5
2,11,63117,45.0532,7.65688,270,9.7,-0.2
2,16,63198,45.053,7.65831,303,16.21,0
2,10,63258,45.0531,7.65736,90,6.92,-0.2
2,16,63298,45.053,7.6583,303,16.23,-1.8
2,12,63306,45.0528,7.65847,348.6,6.92,-1.4
2,13,63326,45.0529,7.65841,348.7,15.25,-0.3
2,17,63355,45.0531,7.65817,303,11.09,0.4
2,16,63398,45.053,7.65828,303,16.25,0.8
2,8,63411,45.0531,7.65805,303,16.65,0
2,16,63498,45.053,7.65826,303,16.26,0.2
2,12,63506,45.0528,7.65847,348.6,6.93,-0.5
2,7,63508,45.0532,7.65751,270,11.09,0.2
2,6,63555,45.0527,7.65847,9.4,8.32,0.7
2,11,63617,45.0532,7.65682,270,9.7,-1.1
2,13,63626,45.0529,7.6584,348.7,15.25,-1.2
2,12,63706,45.0528,7.65846,348.6,6.93,0
2,8,63711,45.0532,7.65794,290.7,16.65,0.1
2,17,63755,45.0531,7.65812,303,11.09,-1.2
2,16,63798,45.053,7.65821,303,16.3,0.9
2,8,63811,45.0531,7.65792,284.7,16.64,0.1
2,10,63858,45.0531,7.65742,90,6.93,0.7
2,7,63908,45.0532,7.65745,270,11.09,-0.9
2,8,63911,45.0531,7.6579,278.8,16.64,-0.7
2,13,63926,45.0529,7.65839,348.7,15.25,0.9
2,8,64011,45.0531,7.65788,270,16.65,0
2,6,64055,45.0527,7.65848,9.4,8.31,0.4
2,16,64098,45.0531,7.65816,303,16.33,-0.9
2,8,64111,45.0531,7.65785,270,16.64,-0.3
2,11,64117,45.0532,7.65676,270,9.7,-0.7
2,17,64155,45.0531,7.65807,303,11.1,0.7
2,8,64211,45.0531,7.65783,270,16.64,-0.1
2,13,64226,45.053,7.65837,342.6,15.25,0.3
2,12,64306,45.0529,7.65845,348.6,6.93,0.5
2,7,64308,45.0532,7.6574,270,11.09,-1
2,8,64311,45.0531,7.65781,270,16.64,-1
2,13,64326,45.053,7.65836,328.4,15.26,-0.7
2,16,64398,45.0531,7.6581,303,16.37,0.7
2,13,64426,45.053,7.65834,313.9,15.26,0.2
2,10,64458,45.0531,7.65747,90,6.93,-0.3
2,13,64526,45.053,7.65832,303,15.26,0.4
2,6,64555,45.0527,7.65849,7.7,8.07,1
2,17,64555,45.0532,7.65795,292.5,11.09,-0.2
2,8,64611,45.0531,7.65775,270,16.64,-1
2,11,64617,45.0532,7.6567,270,9.7,-1.4
2,13,64626,45.053,7.65831,303,15.26,0.8
2,16,64698,45.0531,7.65805,303,16.38,-0.7
2,7,64708,45.0532,7.65734,270,11.1,0.8
2,13,64726,45.053,7.65829,303,15.26,0.1
2,6,64755,45.0528,7.65848,1,7.96,0
2,17,64755,45.0532,7.65792,285.8,11.1,-0.2
2,13,64826,45.053,7.65827,303,15.26,0.5
2,12,64906,45.0529,7.65844,348.6,6.92,-0.5
2,8,64911,45.0531,7.65769,270,16.64,-0.8
2,6,64955,45.0528,7.65848,354.4,7.86,-0.4
2,17,64955,45.0532,7.65789,270,11.1,1.1
2,16,64998,45.0532,7.65795,292.8,16.4,-1.5
2,10,65058,45.0531,7.65752,90,6.93,-0.8
2,16,65098,45.0532,7.65793,287,16.41,0.4
2,7,65108,45.0532,7.65728,270,11.09,-1.6
2,11,65117,45.0532,7.65664,270,9.71,0.8
2,13,65126,45.053,7.65823,303,15.26,0.3
2,6,65155,45.0528,7.65848,348.6,7.78,-0.8
2,17,65155,45.0532,7.65786,270,11.1,0.8
2,16,65198,45.0531,7.6579,281.1,16.42,-0.7
2,8,65211,45.0531,7.65763,270,16.64,-0.7
2,16,65298,45.0531,7.65788,270,16.44,1.4
2,6,65355,45.0528,7.65847,348.6,7.69,-0.2
2,17,65355,45.0532,7.65784,270,11.1,0.4
2,16,65398,45.0531,7.65786,270,16.44,1.3
2,13,65426,45.0531,7.65818,303,15.26,-0.4
2,16,65498,45.0531,7.65784,270,16.44,1.1
2,12,65506,45.0529,7.65843,348.6,6.92,-1.6
2,7,65508,45.0532,7.65723,270,11.09,-0.4
2,8,65511,45.0531,7.65756,270,16.65,0.8
2,6,19,45.0528,7.65847,348.6,7.63,1.2
2,17,19,45.0532,7.65781,270,11.1,1.1
2,16,62,45.0531,7.65782,270,16.44,-0.5
2,10,122,45.0531,7.65757,90,6.93,-0.3
2,13,190,45.0531,7.65813,303,15.25,-1.3
2,6,219,45.0528,7.65846,348.6,7.56,-0.5
2,8,275,45.0531,7.6575,270,16.64,-1.2
2,16,362,45.0531,7.65776,270,16.46,0.6
2,7,372,45.0532,7.65717,270,11.1,0.4
2,17,419,45.0532,7.65775,270,11.1,1.5
2,13,490,45.0531,7.65808,303,15.26,1.1
2,12,570,45.053,7.65842,348.6,6.92,-0.9
2,8,575,45.0531,7.65744,270,16.65,0.7
2,16,662,45.0531,7.6577,270,16.48,0.8
2,10,722,45.0531,7.65762,90,6.92,0
2,12,770,45.053,7.65841,342.2,6.93,1.3
2,7,772,45.0532,7.65712,270,11.1,0.4
2,13,790,45.0531,7.65803,303,15.26,0.3
2,6,819,45.0529,7.65845,348.6,7.4,2.1
2,17,819,45.0532,7.6577,270,11.1,1.4
2,12,870,45.053,7.6584,335.9,6.92,0
2,8,875,45.0531,7.65738,270,16.64,0
2,16,962,45.0531,7.65764,270,16.51,2.4
2,12,970,45.053,7.65839,329.4,6.92,0.5
2,13,990,45.0532,7.65794,291.9,15.25,-0.7
2,12,1070,45.053,7.65838,322.7,6.93,1.5
2,13,1090,45.0532,7.65792,286.4,15.25,-1.4
2,12,1170,45.053,7.65837,316.1,6.93,1
2,7,1172,45.0532,7.65706,270,11.1,0.3
2,8,1175,45.0531,7.65731,270,16.64,-0.3
2,13,1190,45.0531,7.6579,281,15.26,-0.1
2,17,1219,45.0532,7.65764,270,11.1,0.7
2,16,1262,45.0531,7.65757,270,16.51,0
2,12,1270,45.053,7.65837,309.8,6.93,1.1
2,13,1290,45.0531,7.65789,270,15.26,-0.2
2,10,1322,45.0531,7.65768,90,6.93,1.7
2,12,1370,45.053,7.65836,303.8,6.92,-1.2
2,13,1390,45.0531,7.65787,270,15.26,0
2,6,1419,45.0529,7.65844,348.6,7.26,-0.2
2,12,1470,45.053,7.65835,303,6.93,1
2,8,1475,45.0531,7.65725,270,16.65,-0.1
2,13,1490,45.0531,7.65785,270,15.26,0.1
2,16,1562,45.0531,7.65751,270,16.53,0.6
2,12,1570,45.053,7.65834,303,6.93,1.1
2,7,1572,45.0532,7.65701,270,11.1,0
2,13,1590,45.0531,7.65783,270,15.26,0.1
2,17,1619,45.0532,7.65759,270,11.09,0
2,12,1670,45.053,7.65834,303,6.93,-0.7
2,8,1775,45.0531,7.65719,270,16.64,-1.2
2,6,1819,45.0529,7.65839,348.7,7.9,3.6
2,16,1862,45.0531,7.65745,270,16.53,-1.8
2,13,1890,45.0531,7.65777,270,15.26,1
2,10,1922,45.0531,7.65773,90,6.92,-1.4
2,7,1972,45.0532,7.65695,270,11.09,-1.8
2,17,2019,45.0532,7.65753,270,11.1,-0.2
2,8,2075,45.0531,7.65713,270,16.65,0.3
2,16,2162,45.0531,7.65739,270,16.55,1.7
2,13,2190,45.0531,7.65771,270,15.25,0
2,6,2219,45.053,7.65838,348.7,8.31,-0.8
2,12,2270,45.053,7.65829,303,6.93,-0.2
2,7,2372,45.0532,7.6569,270,11.1,1.5
2,8,2375,45.0531,7.65706,270,16.64,-0.2
2,17,2419,45.0532,7.65747,270,11.09,-0.7
2,16,2462,45.0531,7.65733,270,16.54,-0.2
2,13,2490,45.0531,7.65766,270,15.26,0.2
2,6,2519,45.053,7.65837,341.5,8.31,-1.1
2,10,2522,45.0531,7.65778,90,6.92,-0.6
2,6,2619,45.053,7.65836,333.8,8.31,0.6
2,8,2675,45.0531,7.657,270,16.64,-1.4
2,6,2719,45.053,7.65835,325.9,8.31,-1.1
2,16,2762,45.0531,7.65726,270,16.57,0.6
2,13,2790,45.0531,7.6576,270,15.26,0.9
2,6,2819,45.053,7.65834,317.9,8.32,0.6
2,17,2819,45.0532,7.65742,270,11.1,-0.6
2,12,2870,45.0531,7.65824,303,6.92,0
2,6,2919,45.053,7.65834,310.2,8.31,-0.4
2,8,2975,45.0531,7.65694,270,16.65,0.8
2,6,3019,45.053,7.65833,303.1,8.31,0.2
2,16,3062,45.0531,7.6572,270,16.56,0.5
2,13,3090,45.0531,7.65754,270,15.25,0.4
2,6,3119,45.053,7.65832,303,8.31,-1.4
2,10,3122,45.0531,7.65783,90,6.93,0.4
2,6,3219,45.053,7.65831,303,8.32,1.2
2,17,3219,45.0532,7.65736,270,11.09,0
2,6,3319,45.053,7.6583,303,8.32,0.4
2,16,3362,45.0531,7.65714,270,16.59,2.1
2,13,3390,45.0531,7.65748,270,15.25,-1.7
2,12,3470,45.0531,7.6582,303,6.93,-0.5
2,17,3619,45.0532,7.65731,270,11.09,-0.8
2,16,3662,45.0531,7.65708,270,16.58,0.5
2,13,3690,45.0531,7.65743,270,15.25,-1.4
2,10,3722,45.0531,7.65788,90,6.92,-1
2,6,3819,45.053,7.65826,303,8.31,0.1
2,16,3962,45.0531,7.65702,270,16.58,-0.1
2,13,3990,45.0531,7.65737,270,15.25,0.2
2,17,4019,45.0532,7.65725,270,11.09,-1.6
2,12,4070,45.0531,7.65815,303,6.93,0.1
2,13,4290,45.0531,7.65731,270,15.25,0.5
2,6,4319,45.053,7.65821,303,8.31,-0.8
2,10,4322,45.0531,7.65794,90,6.93,-0.4
2,17,4419,45.0532,7.6572,270,11.09,0.3
2,13,4590,45.0531,7.65725,270,15.25,-0.9
2,10,4622,45.0531,7.65797,94.9,6.93,1.1
2,12,4670,45.0531,7.6581,303,6.92,-0.5
2,6,4819,45.0531,7.65817,303,8.32,1.6
2,17,4819,45.0532,7.65714,270,11.1,1.5
2,10,4822,45.0531,7.65799,102.3,6.93,0.2
2,13,4890,45.0531,7.6572,270,15.25,-0.7
2,10,5022,45.0531,7.658,110.3,6.93,1
2,10,5122,45.0531,7.65801,114.3,6.92,-1.2
2,13,5190,45.0531,7.65714,270,15.25,-0.2
2,17,5219,45.0532,7.65709,270,11.09,-0.1
2,10,5222,45.0531,7.65801,118.4,6.93,0.4
2,12,5270,45.0532,7.65806,303,6.92,-0.6
2,6,5319,45.0531,7.65812,303,8.32,-0.7
2,10,5322,45.0531,7.65802,123.1,6.93,0.4
2,10,5422,45.0531,7.65803,123.1,6.92,0.6
2,13,5490,45.0531,7.65708,270,15.26,0.5
2,10,5522,45.0531,7.65803,123.1,6.92,-1.2
2,10,5622,45.0531,7.65804,123.1,6.93,-0.1
2,12,5670,45.0532,7.65795,293.2,6.93,-0.1
2,6,5819,45.0531,7.65808,303,8.31,-0.4
2,12,5870,45.0532,7.65793,289.1,6.93,0.5
2,2,5960,45.0522,7.65789,90,20.82,1
2,12,6070,45.0532,7.65792,284.9,6.93,-0.3
2,2,6160,45.0522,7.65794,90,20.81,0.1
2,10,6222,45.053,7.65808,123.1,6.93,-0.5
2,12,6270,45.0532,7.6579,280.6,6.92,-1.2
2,6,6319,45.0531,7.65803,303,8.31,0.2
2,2,6360,45.0523,7.65807,77.2,20.82,0.2
2,12,6370,45.0532,7.65789,270,6.92,-0.2
2,2,6460,45.0523,7.65809,71.6,20.82,0.4
2,12,6470,45.0532,7.65788,270,6.93,0.8
2,2,6560,45.0523,7.65811,66,20.82,0
2,12,6570,45.0532,7.65787,270,6.93,-0.5
2,6,6619,45.0532,7.65795,294.9,8.31,-0.6
2,2,6660,45.0523,7.65814,56.3,20.81,-1.6
2,12,6670,45.0532,7.65786,270,6.93,0.9
2,2,6760,45.0523,7.65816,56.3,20.81,-0.5
2,6,6819,45.0532,7.65793,289,8.31,-0.7
2,10,6822,45.053,7.65812,123.1,6.93,0.6
2,2,6860,45.0523,7.65818,56.3,20.81,0.2
2,2,6960,45.0523,7.6582,56.3,20.81,0
2,6,7019,45.0531,7.65791,283,8.32,-0.2
2,2,7160,45.0524,7.65825,56.3,20.82,-0.4
2,6,7219,45.0531,7.65789,270,8.31,0.5
2,12,7270,45.0532,7.65781,270,6.92,-0.9
2,2,7360,45.0524,7.65829,56.3,20.81,-0.9
2,6,7419,45.0531,7.65787,270,8.32,0.8
2,10,7422,45.053,7.65816,123.1,6.92,-0.2
2,2,7560,45.0524,7.65834,56.3,20.81,-0.7
2,6,7619,45.0531,7.65785,270,8.31,0
2,2,7760,45.0524,7.65839,56.3,20.82,0.5
2,6,7819,45.0531,7.65783,270,8.31,-1.3
2,12,7870,45.0532,7.65776,270,6.93,0.9
2,2,7960,45.0525,7.65843,54.1,20.82,0.5
2,10,8022,45.053,7.6582,123.1,6.92,0.2
2,2,8060,45.0525,7.65843,39.2,20.81,-1.1
2,2,8160,45.0525,7.65844,23.5,20.81,-1.5
2,2,8260,45.0525,7.65844,9.4,20.82,1.3
2,6,8319,45.0531,7.65778,270,8.32,0.5
2,2,8360,45.0525,7.65844,9.4,20.81,-0.4
2,2,8460,45.0525,7.65845,9.4,20.82,0.3
2,12,8470,45.0532,7.65771,270,6.93,1.4
2,2,8560,45.0526,7.65845,9.4,20.82,-0.2
2,10,8622,45.053,7.65824,123.1,6.93,1.6
2,2,8760,45.0526,7.65846,9.4,20.81,-0.5
2,6,8819,45.0531,7.65772,270,8.31,-1.5
2,2,8960,45.0526,7.65847,9.4,20.81,-1.1
2,12,9070,45.0532,7.65766,270,6.92,-1.1
2,2,9160,45.0527,7.65848,9.4,20.82,1.8
2,10,9222,45.053,7.65828,123.1,6.93,-0.4
2,6,9319,45.0531,7.65767,270,8.31,-1
2,2,9360,45.0527,7.65849,9.4,20.81,-0.7
2,2,9560,45.0528,7.65848,3.4,20.82,0
2,2,9660,45.0528,7.65848,356.7,20.82,1
2,12,9670,45.0532,7.6576,270,6.92,-1
2,2,9760,45.0528,7.65847,350.1,20.82,1.2
2,6,9819,45.0531,7.65762,270,8.32,1.1
2,10,9822,45.0529,7.65831,129.7,6.93,0
2,2,9860,45.0528,7.65847,348.6,20.81,-0.5
2,10,9922,45.0529,7.65832,136.1,6.93,1.5
2,2,9960,45.0528,7.65846,348.6,20.81,-0.6
2,10,10022,45.0529,7.65832,142.7,6.93,0
2,2,10060,45.0529,7.65846,348.6,20.81,-1.1
2,10,10122,45.0529,7.65832,149.3,6.92,-1
2,10,10222,45.0529,7.65832,155.9,6.92,-1
2,2,10260,45.0529,7.65844,348.6,20.81,0
2,12,10270,45.0532,7.65755,270,6.92,0
2,6,10319,45.0531,7.65757,270,8.32,1.5
2,10,10322,45.0529,7.65832,162.2,6.93,0
2,10,10422,45.0529,7.65832,168.2,6.93,0.5
2,2,10460,45.0529,7.65843,348.6,20.82,0.3
2,10,10522,45.0529,7.65833,168.6,6.93,0.1
2,10,10622,45.0529,7.65833,168.6,6.93,0.9
2,2,10660,45.053,7.65842,348.6,20.82,-0.2
2,10,10722,45.0529,7.65833,168.6,6.93,0.7
2,6,10819,45.0531,7.65752,270,8.32,1.1
2,2,10860,45.053,7.65839,335.4,20.81,0.4
2,12,10870,45.0532,7.6575,270,6.92,-0.7
2,2,10960,45.053,7.65837,320.1,20.81,-0.5
2,2,11060,45.053,7.65835,305.6,20.82,0.5
2,2,11160,45.053,7.65832,303,20.81,0.1
2,12,11170,45.0532,7.65747,270,6.11,-7.5
2,2,11260,45.053,7.6583,303,20.82,-0.2
2,12,11270,45.0532,7.65747,270,5.36,-7.5
2,6,11319,45.0531,7.65746,270,8.74,3.7
2,10,11322,45.0529,7.65834,168.6,6.93,0.7
2,2,11360,45.0531,7.65827,303,20.82,0.4
2,12,11370,45.0532,7.65746,270,4.61,-7.5
2,12,11470,45.0532,7.65746,270,3.86,-7.5
2,6,11519,45.0531,7.65744,270,9.29,2.9
2,2,11560,45.0531,7.65823,303,20.82,-0.4
2,12,11570,45.0532,7.65745,270,3.46,0.7
2,12,11670,45.0532,7.65745,270,3.45,-0.9
2,2,11760,45.0531,7.65818,303,20.79,-2.3
2,10,11922,45.0528,7.65835,168.6,6.92,-0.5
2,2,11960,45.0531,7.65814,303,19.87,-4.3
2,2,12160,45.0531,7.65809,303,18.99,-3.9
2,2,12360,45.0532,7.65805,303,18.11,-4.6
2,10,12522,45.0528,7.65836,168.6,6.92,0
2,2,12560,45.0532,7.65794,291.4,17.26,-3.5
2,2,12660,45.0532,7.65791,286.9,16.85,-4.6
2,2,12760,45.0532,7.65789,282.4,16.43,-3.7
2,2,12860,45.0532,7.65787,278,16.03,-4.1
2,2,12960,45.0532,7.65785,270,15.64,-3.8
2,2,13060,45.0532,7.65783,270,15.24,-3.2
2,10,13122,45.0528,7.65837,168.6,6.92,-1.8
2,2,13160,45.0532,7.65782,270,14.86,-2.5
2,2,13260,45.0531,7.6578,270,15.01,3.6
2,2,13460,45.0531,7.65776,270,15.61,3.1
2,10,13522,45.0527,7.65837,173.1,6.93,-0.4
2,2,13660,45.0531,7.65772,270,16.22,2.1
2,10,13722,45.0527,7.65837,178.9,6.93,0.4
2,2,13860,45.0531,7.65768,270,16.84,2.8
2,10,13922,45.0527,7.65837,184.7,6.92,0.2
2,2,14060,45.0531,7.65763,270,17.45,2.3
2,10,14122,45.0527,7.65836,189.4,6.93,0.3
2,2,14260,45.0531,7.65759,270,18.04,2.9
2,10,14322,45.0527,7.65836,189.4,6.92,-0.1
2,10,14522,45.0527,7.65836,189.4,6.92,-0.3
2,10,14722,45.0527,7.65836,189.4,6.92,0.2
2,10,15322,45.0526,7.65835,189.4,6.92,0.8
2,10,15922,45.0526,7.65834,189.4,6.93,1.2
2,10,16522,45.0526,7.65834,189.4,6.93,0.9
2,10,17122,45.0525,7.65833,189.4,6.92,-0.3
2,10,17722,45.0525,7.65832,189.4,6.92,-0.9
2,10,17922,45.0525,7.65831,196.6,6.92,-0.9
2,10,18022,45.0525,7.65831,203.1,6.92,-0.3
2,10,18122,45.0525,7.6583,209.9,6.92,-0.6
2,10,18222,45.0525,7.65829,216.8,6.93,0.4
2,10,18322,45.0525,7.65829,223.6,6.93,0.8
2,10,18422,45.0525,7.65828,230,6.93,-0.4
2,10,18522,45.0525,7.65827,236.1,6.93,0.8
2,10,18622,45.0525,7.65827,236.3,6.93,-0.1
2,10,18722,45.0525,7.65826,236.3,6.92,0.4
2,10,18822,45.0525,7.65826,236.3,6.92,-0.3
2,10,19422,45.0524,7.65822,236.3,6.93,0.3
2,18,19900,45.0531,7.65765,90,13.87,-0.2
2,10,20022,45.0524,7.65818,236.3,6.92,0.4
2,18,20200,45.0531,7.65771,90,13.88,1.2
2,18,20500,45.0531,7.65776,90,13.87,0.2
2,10,20622,45.0524,7.65814,236.3,6.93,1.6
2,18,20800,45.0531,7.65781,90,13.87,-0.9
2,18,21100,45.0531,7.65786,90,13.87,-1.4
2,10,21222,45.0524,7.6581,236.3,6.92,0.1
2,15,21226,45.0523,7.6569,90,13.88,0.3
2,18,21400,45.0531,7.65791,90,13.88,0.8
2,15,21526,45.0523,7.65695,90,13.87,0
2,18,21700,45.0531,7.65797,96.1,13.88,1.3
2,18,21800,45.0531,7.65799,103.7,13.87,-0.9
2,10,21822,45.0524,7.65806,236.3,6.93,0.6
2,15,21826,45.0523,7.657,90,13.88,1.6
2,18,21900,45.0531,7.658,111.7,13.87,-0.2
2,18,22000,45.0531,7.65801,119.8,13.88,0.3
2,18,22100,45.0531,7.65803,123.1,13.87,-0.1
2,15,22126,45.0523,7.65705,90,13.88,0.9
2,18,22200,45.0531,7.65804,123.1,13.88,0.3
2,18,22300,45.0531,7.65805,123.1,13.88,0.7
2,10,22422,45.0523,7.65802,236.3,6.92,-1.5
2,15,22426,45.0523,7.65711,90,13.88,0.8
2,1,22537,45.0522,7.65676,90,6.92,0.6
2,18,22600,45.053,7.65809,123.1,13.87,-0.3
2,15,22726,45.0523,7.65716,90,13.87,-0.4
2,18,22900,45.053,7.65813,123.1,13.87,-1.3
2,10,23022,45.0523,7.65797,240.5,6.92,-0.2
2,15,23026,45.0523,7.65721,90,13.87,-1.4
2,10,23122,45.0523,7.65796,244.6,6.93,0.4
2,1,23137,45.0522,7.65681,90,6.92,0.2
2,18,23200,45.053,7.65818,123.1,13.88,0.1
2,10,23222,45.0523,7.65795,248.7,6.93,0
2,10,23322,45.0523,7.65794,252.8,6.93,0.5
2,15,23326,45.0523,7.65726,90,13.88,-0.1
2,10,23422,45.0523,7.65794,256.8,6.93,0.1
2,18,23500,45.053,7.65822,123.1,13.87,0.6
2,10,23522,45.0523,7.65793,260.7,6.92,0
2,10,23622,45.0523,7.65792,264.4,6.92,-0.8
2,15,23626,45.0523,7.65731,90,13.88,0.3
2,10,23722,45.0523,7.65791,270,6.92,-1.3
2,1,23737,45.0522,7.65686,90,6.92,-1.2
2,18,23800,45.053,7.65826,123.1,13.88,0.9
2,10,23822,45.0523,7.6579,270,6.93,1.1
2,10,23922,45.0523,7.65789,270,6.92,-1.4
2,15,23926,45.0523,7.65737,90,13.88,0.3
2,10,24022,45.0523,7.65788,270,6.92,-0.7
2,18,24100,45.0529,7.6583,123.1,13.88,1.5
2,10,24122,45.0523,7.65788,270,6.93,0
2,15,24226,45.0523,7.65742,90,13.87,-0.4
2,18,24300,45.0529,7.65831,132.4,13.88,-0.1
2,1,24337,45.0522,7.65692,90,6.93,1
2,18,24400,45.0529,7.65832,145.5,13.88,0.3
2,18,24500,45.0529,7.65832,158.6,13.88,1.1
2,15,24526,45.0523,7.65747,90,13.87,0.3
2,18,24600,45.0529,7.65832,168.6,13.87,0.3
2,18,24700,45.0529,7.65833,168.6,13.88,0.7
2,10,24722,45.0523,7.65782,270,6.93,0.1
2,18,24800,45.0529,7.65833,168.6,13.87,0
2,15,24826,45.0523,7.65752,90,13.88,-0.7
2,18,24900,45.0529,7.65834,168.6,13.88,0
2,1,24937,45.0522,7.65697,90,6.93,-0.7
2,15,25126,45.0523,7.65758,90,13.88,0.2
2,4,25158,45.0531,7.65741,90,20.81,-1.5
2,18,25200,45.0528,7.65835,168.6,13.88,-0.2
2,10,25322,45.0523,7.65777,270,6.92,-0.5
2,4,25358,45.0531,7.65746,90,20.82,0.1
2,15,25426,45.0523,7.65763,90,13.88,1.3
2,18,25500,45.0528,7.65836,168.6,13.87,-0.6
2,1,25537,45.0522,7.65702,90,6.92,-0.1
2,4,25558,45.0531,7.65751,90,20.82,0
2,15,25726,45.0523,7.65768,90,13.87,-0.1
2,4,25758,45.0531,7.65756,90,20.81,-0.7
2,18,25800,45.0528,7.65837,168.6,13.87,0.2
2,10,25922,45.0523,7.65772,270,6.93,0.6
2,4,25958,45.0531,7.65761,90,20.82,0.8
2,15,26026,45.0523,7.65773,90,13.88,0.3
2,18,26100,45.0527,7.65837,171.6,13.87,0.4
2,1,26137,45.0522,7.65707,90,6.93,1
2,4,26158,45.0531,7.65767,90,20.82,-0.4
2,18,26200,45.0527,7.65837,177.4,13.87,-0.8
2,18,26300,45.0527,7.65837,183.2,13.88,0.2
2,15,26326,45.0523,7.65778,90,13.88,1
2,4,26358,45.0531,7.65772,90,20.81,-1.3
2,18,26400,45.0527,7.65837,189,13.88,1.4
2,18,26500,45.0527,7.65836,189.4,13.87,0.3
2,10,26522,45.0523,7.65767,270,6.92,0
2,18,26600,45.0527,7.65836,189.4,13.87,-0.7
2,15,26626,45.0523,7.65784,90,13.88,1.2
2,18,26700,45.0527,7.65836,189.4,13.88,0
2,1,26737,45.0522,7.65712,90,6.93,-0.7
2,18,26800,45.0527,7.65836,189.4,13.87,-0.9
2,18,26900,45.0526,7.65835,189.4,13.88,-0.3
2,15,26926,45.0522,7.65789,90,13.87,0.6
2,10,27122,45.0523,7.65762,270,6.92,-1
2,18,27200,45.0526,7.65835,189.4,13.87,-1.7
2,15,27226,45.0522,7.65794,90,13.87,-1.8
2,20,27319,45.0522,7.65634,90,6.93,0.8
2,1,27337,45.0522,7.65718,90,6.92,-0.8
2,18,27500,45.0526,7.65834,189.4,13.88,0.9
2,15,27526,45.0523,7.65806,76.5,13.88,-0.2
2,15,27626,45.0523,7.65808,72.2,13.87,-0.7
2,10,27722,45.0523,7.65756,270,6.93,-0.2
2,15,27726,45.0523,7.65809,68,13.87,0.8
2,18,27800,45.0525,7.65833,189.4,13.87,-0.7
2,15,27826,45.0523,7.65811,56.3,13.87,0.5
2,20,27919,45.0522,7.65639,90,6.93,-0.8
2,15,27926,45.0523,7.65812,56.3,13.87,-1.1
2,1,27937,45.0522,7.65723,90,6.92,0
2,15,28026,45.0523,7.65814,56.3,13.88,0.9
2,18,28100,45.0525,7.65833,189.4,13.87,0
2,15,28126,45.0523,7.65815,56.3,13.87,-0.9
2,18,28300,45.0525,7.65832,193.7,13.88,0.8
2,10,28322,45.0523,7.65751,270,6.92,-1.3
2,18,28400,45.0525,7.6583,206.8,13.88,0.3
2,15,28426,45.0523,7.6582,56.3,13.87,0
2,8,28475,45.0522,7.65623,90,9.02,0.1
2,18,28500,45.0525,7.65829,220.5,13.87,-0.6
2,20,28519,45.0522,7.65645,90,6.93,1.4
2,1,28537,45.0522,7.65728,90,6.93,1.1
2,18,28600,45.0525,7.65828,233.4,13.87,0
2,18,28700,45.0525,7.65827,236.3,13.88,0.6
2,15,28726,45.0524,7.65825,56.3,13.87,-1.1
2,16,28762,45.0523,7.65622,90,16.64,-0.2
2,18,28800,45.0525,7.65825,236.3,13.88,0.5
2,18,28900,45.0525,7.65824,236.3,13.88,1.1
2,10,28922,45.0523,7.65746,270,6.93,1.7
2,8,28975,45.0522,7.65628,90,8.59,-0.2
2,15,29026,45.0524,7.65829,56.3,13.88,1.4
2,16,29062,45.0523,7.65629,90,16.65,0.9
2,20,29119,45.0522,7.6565,90,6.93,0.4
2,1,29137,45.0522,7.65733,90,6.92,-0.1
2,18,29200,45.0524,7.6582,236.3,13.87,-1.2
2,15,29326,45.0524,7.65834,56.3,13.87,-0.7
2,16,29362,45.0523,7.65635,90,16.64,-0.3
2,8,29475,45.0522,7.65633,90,8.24,0.8
2,18,29500,45.0524,7.65816,236.3,13.87,-1.1
2,10,29522,45.0523,7.65741,270,6.92,-0.8
2,16,29662,45.0523,7.65641,90,16.64,0
2,20,29719,45.0522,7.65655,90,6.93,-0.5
2,1,29737,45.0522,7.65738,90,6.92,-1.5
2,18,29800,45.0524,7.65812,236.3,13.87,-0.5
2,16,29962,45.0523,7.65647,90,16.64,0.6
2,8,29975,45.0523,7.65638,90,8.61,3.1
2,18,30100,45.0524,7.65808,236.3,13.88,0.1
2,10,30122,45.0523,7.65736,270,6.93,0.9
2,3,30145,45.0531,7.65694,90,5.88,3.5
2,8,30175,45.0523,7.65641,90,9.28,3.8
2,16,30262,45.0523,7.65654,90,16.65,0.8
2,20,30319,45.0522,7.6566,90,6.93,0.9
2,1,30337,45.0522,7.65744,90,6.93,0
2,3,30345,45.0531,7.65696,90,6.51,2.7
2,8,30375,45.0523,7.65643,90,9.9,3.7
2,18,30400,45.0524,7.65804,236.3,13.88,1.4
2,3,30545,45.0531,7.65697,90,6.93,0.5
2,16,30562,45.0523,7.6566,90,16.65,0.8
2,8,30575,45.0523,7.65646,90,10.52,2.7
2,18,30700,45.0523,7.658,236.3,13.87,-0.4
2,10,30722,45.0523,7.6573,270,6.92,0.3
2,3,30745,45.0531,7.65699,90,6.92,-0.1
2,8,30775,45.0523,7.65648,90,11.12,3.8
2,16,30862,45.0523,7.65666,90,16.65,0.1
2,18,30900,45.0523,7.65797,243,13.87,-0.8
2,20,30919,45.0522,7.65665,90,6.92,-0.1
2,1,30937,45.0522,7.65749,90,6.92,-0.9
2,3,30945,45.0531,7.65701,90,6.92,-0.5
2,8,30975,45.0523,7.65651,90,11.67,2.2
2,18,31000,45.0523,7.65795,251.2,13.87,-0.2
2,18,31100,45.0523,7.65793,259.2,13.88,-0.6
2,16,31162,45.0523,7.65672,90,16.64,-0.9
2,8,31175,45.0523,7.65654,90,12.29,3.1
2,18,31200,45.0523,7.65791,266.6,13.88,1.4
2,18,31300,45.0523,7.6579,270,13.88,1.3
2,10,31322,45.0523,7.65725,270,6.93,1.3
2,8,31375,45.0523,7.65657,90,12.86,3.4
2,18,31400,45.0523,7.65788,270,13.88,-0.3
2,16,31462,45.0523,7.65679,90,16.65,0.9
2,18,31500,45.0523,7.65786,270,13.87,0.5
2,20,31519,45.0522,7.65671,90,6.92,-1.9
2,1,31537,45.0522,7.65754,90,6.92,-0.6
2,3,31545,45.0531,7.65706,90,6.93,0.3
2,8,31575,45.0523,7.65661,90,13.44,3.4
2,13,31590,45.0522,7.65598,90,15.26,0
2,16,31762,45.0523,7.65685,90,16.64,0.8
2,8,31775,45.0523,7.65664,90,14,2.7
2,18,31800,45.0523,7.65781,270,13.88,0.9
2,13,31890,45.0522,7.65603,90,15.25,-0.4
2,10,31922,45.0523,7.6572,270,6.93,-0.3
2,8,31975,45.0523,7.65668,90,14.59,2.2
2,16,32062,45.0523,7.65691,90,16.65,1.3
2,18,32100,45.0523,7.65776,270,12.47,-9.9
2,20,32119,45.0522,7.65676,90,6.92,-0.2
2,1,32137,45.0522,7.65759,90,6.93,0.1
2,3,32145,45.0531,7.65711,90,6.92,-0.9
2,8,32175,45.0523,7.65671,90,15.06,1.1
2,13,32190,45.0523,7.65609,90,15.25,-0.9
2,18,32200,45.0523,7.65774,270,11.47,-9.9
2,18,32300,45.0523,7.65773,270,10.47,-9.9
2,16,32362,45.0523,7.65697,90,16.65,0.5
2,8,32375,45.0523,7.65675,90,15.16,-0.7
2,18,32400,45.0523,7.65772,270,9.47,-9.9
2,13,32490,45.0523,7.65615,90,15.26,0.5
2,18,32500,45.0523,7.65771,270,8.47,-9.9
2,10,32522,45.0523,7.65715,270,6.92,0.3
2,8,32575,45.0523,7.65679,90,15.26,0.1
2,18,32600,45.0523,7.6577,270,7.47,-9.9
2,16,32662,45.0523,7.65704,90,16.64,0
2,18,32700,45.0523,7.65769,270,6.92,-0.6
2,20,32719,45.0522,7.65681,90,6.92,0.3
2,1,32737,45.0522,7.65764,90,6.92,0.4
2,3,32745,45.0531,7.65716,90,6.93,0
2,13,32790,45.0523,7.65621,90,15.26,0.8
2,18,32800,45.0523,7.65768,270,6.94,0.6
2,8,32875,45.0523,7.65685,90,15.4,0.2
2,18,32900,45.0523,7.65767,270,6.93,-1
2,16,32962,45.0523,7.6571,90,16.65,0.7
2,18,33000,45.0523,7.65766,270,6.94,1
2,13,33090,45.0523,7.65626,90,15.25,0.6
2,10,33122,45.0523,7.6571,270,6.92,-0.9
2,8,33175,45.0523,7.65691,90,15.51,-0.9
2,16,33262,45.0523,7.65716,90,16.65,-0.3
2,20,33319,45.0522,7.65686,90,6.93,0.4
2,1,33337,45.0522,7.6577,90,6.92,-0.3
2,13,33390,45.0523,7.65632,90,15.25,0.1
2,8,33475,45.0523,7.65696,90,15.62,-0.7
2,16,33562,45.0523,7.65722,90,16.65,-0.3
2,18,33600,45.0523,7.65761,270,6.94,0.6
2,13,33690,45.0523,7.65638,90,15.25,-0.2
2,10,33722,45.0523,7.65704,270,6.93,1.6
2,4,33758,45.0523,7.65796,244.4,16.32,3.1
2,8,33775,45.0523,7.65702,90,15.71,0.1
2,4,33858,45.0523,7.65794,250.5,16.61,3.2
2,16,33862,45.0523,7.65729,90,16.64,-1.1
2,20,33919,45.0522,7.65691,90,6.93,0.5
2,10,33922,45.0523,7.65703,270,5.73,-7.5
2,1,33937,45.0522,7.65775,90,6.92,-0.9
2,4,33958,45.0523,7.65792,256.7,16.88,2.7
2,13,33990,45.0523,7.65643,90,15.25,-0.7
2,10,34022,45.0523,7.65702,270,4.98,-7.5
2,4,34058,45.0523,7.6579,262.9,17.17,3.1
2,8,34075,45.0523,7.65708,90,15.8,0.1
2,10,34122,45.0523,7.65701,270,4.23,-7.5
2,4,34158,45.0523,7.65788,270,17.46,2.7
2,16,34162,45.0523,7.65735,90,16.65,0.1
2,18,34200,45.0523,7.65756,270,6.93,0
2,10,34222,45.0523,7.65701,270,3.48,-7.5
2,4,34258,45.0523,7.65786,270,17.76,3.4
2,13,34290,45.0523,7.65649,90,15.25,-1.6
2,10,34322,45.0523,7.65701,270,3.46,0
2,4,34358,45.0523,7.65783,270,18.08,3.7
